name,origin,destination,count
ALEX MANENTE,BSB,BSB,5
RENZO BRAZ,BSB,SDU,1
ADILTON SACHETTI,CGB,GRU,1
WALDENOR PEREIRA,SSA,VDC,12
JOSÉ REINALDO,BSB,GRU,1
WOLNEY QUEIROZ,BSB,BSB,10
WELLINGTON ROBERTO,CGH,BSB,2
CABO SABINO,JDO,FOR,1
EZEQUIEL TEIXEIRA,BSB,BSB,3
JOÃO DANIEL,BSB,AJU,23
ELMAR NASCIMENTO,SSA,BSB,5
JOAQUIM PASSARINHO,MAB,BEL,1
SUBTENENTE GONZAGA,SDU,CNF,1
LEONARDO QUINTÃO,CNF,VCP,1
VALTENIR PEREIRA,CGB,BSB,19
DAMIÃO FELICIANO,GRU,JPA,2
OSMAR BERTOLDI,BSB,CGH,1
ZÉ SILVA,UDI,BSB,1
FELIPE BORNIER,BSB,PMW,2
SÉRGIO MORAES,CGH,POA,2
EVANDRO ROMAN,BSB,CGH,3
ANDRÉ FUFUCA,SLZ,GIG,1
CARLOS SAMPAIO,CGH,BSB,2
ALEX MANENTE,CGH,BSB,35
MÁRCIO MARINHO,CNF,BSB,1
ROBERTO ALVES,CGH,CNF,1
VICENTE ARRUDA,BSB,BSB,5
LEONARDO MONTEIRO,BSB,CGH,1
RÔMULO GOUVEIA,BSB,JPA,11
SÉRGIO MORAES,BSB,POA,11
CARLOS SAMPAIO,BSB,BSB,10
FRANCISCO CHAPADINHA,BEL,STM,3
ZENAIDE MAIA,BSB,BSB,3
REINHOLD STEPHANES,GIG,BSB,1
FRANKLIN,BSB,GRU,3
DELEGADO FRANCISCHINI,BSB,BSB,4
LÁZARO BOTELHO,PMW,AUX,4
ENIO VERRI,CGH,MGF,1
RUBENS PEREIRA JÚNIOR,SLZ,BSB,3
RUBENS BUENO,CWB,BSB,20
NILTON CAPIXABA,CGB,OAL,7
LUIZ CARLOS RAMOS,BSB,SDU,1
VALDIR COLATTO,FLN,CGH,1
VALTENIR PEREIRA,BSB,PMW,1
WELLINGTON ROBERTO,BSB,BSB,10
PAULO PIMENTA,BSB,BSB,2
EVANDRO ROMAN,CWB,BSB,4
STEFANO AGUIAR,BSB,CNF,18
BRUNA FURLAN,CGH,BSB,16
INDIO DA COSTA,BSB,BSB,1
TEREZA CRISTINA,BSB,BSB,3
DANRLEI DE DEUS HINTERHOLZ,BSB,BSB,3
WLADIMIR COSTA,BSB,BEL,8
TIRIRICA,BSB,BSB,1
MARINHA RAUPP,BSB,PVH,2
JHONATAN DE JESUS,BSB,CGH,4
NELSON NAHIM,GIG,BSB,1
JOÃO ARRUDA,BSB,BSB,6
DILCEU SPERAFICO,THE,BSB,1
CARLOS ANDRADE,MAO,BSB,2
FÁBIO RAMALHO,CGH,CNF,2
ZÉ SILVA,MOC,CNF,2
JOÃO CAMPOS,BSB,GYN,2
LELO COIMBRA,BSB,BSB,2
ESPERIDIÃO AMIN,BSB,GRU,1
RONALDO CARLETTO,BSB,CNF,1
LUIZ NISHIMORI,CWB,MGF,3
RUBENS PEREIRA JÚNIOR,BSB,SLZ,3
ROCHA,RBR,BSB,9
RODRIGO PACHECO,BSB,CNF,10
MANDETTA,FLN,SDU,2
MARIA DO ROSÁRIO,BSB,POA,6
AFONSO HAMM,BSB,BSB,3
DAVIDSON MAGALHÃES,BSB,IOS,2
JOÃO CARLOS BACELAR,SSA,BSB,12
ADELMO CARNEIRO LEÃO,CNF,BSB,5
EVANDRO GUSSI,BSB,CNF,1
PAULO TEIXEIRA,sp,bsb,1
JORGE BOEIRA,XAP,FLN,1
GIVALDO CARIMBÃO,IOS,BSB,1
GABRIEL GUIMARÃES,BSB,MOC,1
GIACOBO,BSB,BSB,5
ALICE PORTUGAL,GRU,SSA,1
ALICE PORTUGAL,SSA,GRU,2
GONZAGA PATRIOTA,REC,BSB,8
JOAQUIM PASSARINHO,BSB,MAB,1
MARIA HELENA,GRU,BSB,1
GIVALDO CARIMBÃO,BSB,STM,1
GIVALDO CARIMBÃO,BSB,BSB,7
ESPERIDIÃO AMIN,FLN,BSB,25
WILSON FILHO,BSB,JPA,5
ANA PERUGINI,PPB,VCP,2
MÁRCIO MARINHO,CNF,SSA,1
TEREZA CRISTINA,CGH,BSB,3
PROFESSORA DORINHA SEABRA REZENDE,BSB,PMW,22
SÁGUAS MORAES,BSB,CGH,1
TIRIRICA,CGH,BSB,3
SÁGUAS MORAES,BSB,CGB,7
ZECA DIRCEU,CGH,CWB,2
CHICO ALENCAR,BSB,BSB,2
GUILHERME COELHO,BSB,VCP,1
NILTON CAPIXABA,BSB,CGB,7
LUIZ SÉRGIO,SDU,CGH,1
CACÁ LEÃO,BSB,CGH,2
LEOPOLDO MEYER,BSB,CWB,3
HERMES PARCIANELLO,BSB,IGU,1
ROSANGELA GOMES,GIG,BSB,11
SÉRGIO MORAES,BSB,PFB,1
JOÃO CARLOS BACELAR,SSA,BPS,1
VAIDON OLIVEIRA,BSB,BSB,2
JOÃO FERNANDO COUTINHO,BSB,JDO,1
LEONARDO MONTEIRO,CGH,CNF,1
ANTÔNIO JÁCOME,CAC,GRU,1
AGUINALDO RIBEIRO,CGH,JPA,1
BETO ROSADO,NAT,BSB,9
RAQUEL MUNIZ,BSB,MOC,9
DR. JORGE SILVA,VIX,BSB,15
JÉSSICA SALES,GIG,BSB,1
JOÃO CARLOS BACELAR,SDU,CGH,2
JUNIOR MARRECA,CGH,BSB,1
DOMINGOS SÁVIO,BSB,CNF,11
MARINHA RAUPP,CGB,BSB,1
LUIZ CLÁUDIO,BSB,CGB,1
ALEXANDRE VALLE,GIG,BSB,9
EDUARDO BOLSONARO,JPA-CGH,1
ANGELIM,RBR,BSB,16
FÁBIO FARIA,BSB,NAT,5
JOÃO RODRIGUES,FLN,BSB,7
GIACOBO,CWB,BSB,5
IVAN VALENTE,CGH,REC,1
GEOVANIA DE SÁ,BSB,JJG,1
GIACOBO,CGH,BSB,1
LUIZ CLÁUDIO,CGB,OAL,1
EVANDRO GUSSI,BSB,CGH,3
DAMIÃO FELICIANO,JPA,FOR,2
ALCEU MOREIRA,POA,BSB,8
ALBERTO FRAGA,bsb,Aju,1
ANDRÉ ABDON,MCP,BEL,1
PEPE VARGAS,BSB,POA,3
ALFREDO KAEFER,GRU,BSB,1
FRANKLIN,VCP,REC,1
CABO DACIOLO,SDU,BSB,3
PAES LANDIM,SSA,PHB,1
GEORGE HILTON,SDU,VAG,1
DANILO FORTE,FOR,JDO,4
MAURO PEREIRA,BSB,BSB,2
CAETANO,SSA,IOS,3
WILSON FILHO,BSB,JDO,1
HUGO LEAL,SDU,BSB,10
MAURO MARIANI,CGH,CWB,1
PAULO TEIXEIRA,BSB,BSB,3
CHICO D'ANGELO,BSB,SDU,8
DAGOBERTO NOGUEIRA,CGR,CGH,1
MARIA DO ROSÁRIO,CGH,POA,4
PAULO MALUF,CGH,BSB,3
ROSINHA DA ADEFAL,THE,POA,1
EZEQUIEL FONSECA,BSB,CGB,11
NELSON MARQUEZELLI,BSB,RAO,1
FÁBIO RAMALHO,BSB,CNF,11
JOÃO CAMPOS,BSB,GRU,1
FRANKLIN,CNF,CGH,3
ZECA DIRCEU,CWB,CAC,6
JOSÉ FOGAÇA,BSB,POA,11
AGUINALDO RIBEIRO,BSB,BSB,9
GONZAGA PATRIOTA,BSB,JDO,1
CARLOS MELLES,RAO,BSB,8
LUIS TIBÉ,CNF,AAX,1
CÉSAR MESSIAS,BSB,SDU,2
BALEIA ROSSI,SDU,RAO,1
CARLOS SAMPAIO,NAT,VCP,1
RICARDO IZAR,BSB,VCP,1
ANTÔNIO JÁCOME,GRU,NAT,2
GABRIEL GUIMARÃES,GRU,BSB,1
GUILHERME COELHO,GRU,THE,1
HERCULANO PASSOS,BSB,VCP,5
ROBERTO SALES,bsb,gig,1
LAERCIO OLIVEIRA,GIG,AJU,1
SHÉRIDAN,MAO,BSB,1
LUIZ CARLOS HAULY,CWB,GRU,2
DÉCIO LIMA,BSB,FLN,13
LUIZ LAURO FILHO,BSB,RAO,1
ANDRÉ ABDON,BSB,BSB,1
OTAVIO LEITE,BSB,SDU,3
BETO FARO,BSB,BSB,1
RODRIGO DE CASTRO,GRU,CGR,1
HERMES PARCIANELLO,Igu-Bsb,1
RUBENS PEREIRA JÚNIOR,BSB,BEL,1
LAERCIO OLIVEIRA,AJU,BSB,14
YEDA CRUSIUS,CGH,POA,1
JOÃO PAULO PAPA,SDU,BSB,1
RUBENS PEREIRA JÚNIOR,THE,BSB,1
CARLOS GOMES,BSB,BSB,3
WALDENOR PEREIRA,BSB,SSA,13
CAJAR NARDES,BSB,NVT,1
CACÁ LEÃO,BSB,BSB,9
HEITOR SCHUCH,POA,BSB,8
LEONARDO QUINTÃO,VCP,BSB,1
WELLINGTON ROBERTO,BSB,SDU,2
RENZO BRAZ,BSB,BSB,4
GUILHERME COELHO,JDO,BSB,2
EZEQUIEL FONSECA,OPS,CGB,2
WLADIMIR COSTA,BSB,BSB,1
JUNIOR MARRECA,BSB,SLZ,3
RONALDO LESSA,MCZ,BSB,5
EVANDRO ROMAN,CGH,CWB,1
CARLOS SAMPAIO,BSB,SDU,1
FLAVIANO MELO,BSB,CGH,1
EVANDRO ROMAN,BSB,CWB,1
ALFREDO KAEFER,BSB,VCP,1
CACÁ LEÃO,CGH,BSB,1
IRAJÁ ABREU,JPA,BSB,1
SERGIO SOUZA,GRU,CWB,1
EDMILSON RODRIGUES,BSB,FOR,1
LUIZ SÉRGIO,SDU,BSB,23
LOBBE NETO,VCP,BSB,3
PAULO ABI-ACKEL,SDU,SDU,1
ANTÔNIO JÁCOME,BPS,NAT,2
ZÉ CARLOS,SLZ,BSB,8
PAULO MALUF,BSB,CGH,16
JOAQUIM PASSARINHO,MAB,BSB,1
JOSÉ MENTOR,BSB,CNF,1
DAMIÃO FELICIANO,BSB,CGH,1
BETO ROSADO,FOR,BSB,1
TIRIRICA,BSB,SDU,2
CARMEN ZANOTTO,FLN,BSB,10
CARLOS MELLES,PSW,PLU,1
DELEGADO FRANCISCHINI,BSB,SDU,2
ANDRÉ AMARAL,JPA,BSB,7
BENITO GAMA,GIG,SSA,1
DELEGADO EDSON MOREIRA,CNF,UDI,1
SILAS CÂMARA,BSB,BSB,6
CACÁ LEÃO,BSB,SSA,22
JORGINHO MELLO,BSB,FLN,5
EFRAIM FILHO,JPA,CGH,1
CHICO ALENCAR,BSB,SDU,12
JOSÉ CARLOS ALELUIA,BSB,BSB,3
WALTER ALVES,BSB,NAT,13
CELSO RUSSOMANNO,GRU,MVD,1
LUIZ SÉRGIO,BSB,GIG,6
POLLYANA GAMA,BSB,CGH,1
ZECA DIRCEU,GRU,BSB,2
ADALBERTO CAVALCANTI,BSB,BSB,1
GIACOBO,BSB,CGH,1
MARINALDO ROSENDO,BEL,BSB,2
OSMAR BERTOLDI,BSB,BSB,7
EVANDRO GUSSI,MII,BSB,3
LUIZ COUTO,CNF,BSB,1
MARGARIDA SALOMÃO,CNF,BSB,3
GUILHERME MUSSI,CGH,BSB,11
NILSON LEITÃO,BSB,VCP,1
WELLINGTON ROBERTO,CGH,JPA,2
BETO ROSADO,NAT,CGH,1
GEORGE HILTON,CNF,MOC,1
VICENTINHO,VCP,PPB,1
GUILHERME MUSSI,BSB,BSB,13
WELLINGTON ROBERTO,BSB,JPA,9
CLAUDIO CAJADO,SSA,BSB,13
DÉCIO LIMA,CGH,NVT,1
MARCOS SOARES,BSB,BSB,6
ANDRÉ AMARAL,THE,REC,1
GEORGE HILTON,GVR,CNF,1
PAES LANDIM,VCP,PHB,1
ROSANGELA GOMES,BSB,GIG,11
WALDENOR PEREIRA,BSB,BSB,1
CARLOS MELLES,RAO,CNF,2
JOSÉ CARLOS ALELUIA,BSB,SSA,6
VALMIR ASSUNÇÃO,FOR,BSB,1
ZÉ GERALDO,BSB,BEL,12
WLADIMIR COSTA,BSB,STM,1
DR. JORGE SILVA,CGH,BSB,2
RUBENS BUENO,BSB,BSB,6
NELSON PADOVANI,LDB,CWB,1
JORGE BOEIRA,POA,CGH,1
SILAS FREIRE,BSB,BSB,9
IRAJÁ ABREU,GYN,PMW,4
JOSÉ AIRTON CIRILO,BSB,THE,1
ZÉ CARLOS,BSB,SLZ,15
MARGARIDA SALOMÃO,CNF,SSA,1
ALEX MANENTE,BSB,CGH,36
ALEXANDRE VALLE,BSB,GIG,13
PR. MARCO FELICIANO,BSB,CGH,5
CARLOS MANATO,BSB,BSB,6
LEONARDO MONTEIRO,BSB,CNF,9
PAUDERNEY AVELINO,BSB,MAO,13
ANDRÉ ABDON,MCP,BSB,7
SILAS FREIRE,THE,BSB,17
VALMIR ASSUNÇÃO,FOR,SSA,1
JOÃO GUALBERTO,SSA,BSB,1
TIA ERON,BSB,BEL,1
FRANKLIN,CNF,BSB,7
GEORGE HILTON,BSB,IZA,1
PAULO FEIJÓ,SDU,BSB,14
IVAN VALENTE,REC,BSB,1
ADAIL CARNEIRO,BSB,MCZ,2
WILSON FILHO,PMW,BSB,1
WALDENOR PEREIRA,VDC,BSB,1
WILSON FILHO,FOR,NAT,1
ADÉRMIS MARINI,GRU,BSB,1
FELIPE BORNIER,FOR,BSB,1
LUIZ LAURO FILHO,VCP,BSB,8
MARCELO CASTRO,THE,BSB,16
EDUARDO BARBOSA,CNF,MOC,1
PAULO TEIXEIRA,CGH,CWB,1
ARLINDO CHINAGLIA,SSA,CGH,2
BETO FARO,BSB,CGH,1
ZÉ SILVA,GRU,BSB,1
CABO DACIOLO,BSB,GIG,16
ALFREDO KAEFER,GRU,CAC,1
JOÃO DERLY,MAO,BSB,1
ROGÉRIO MARINHO,BSB,NAT,11
AELTON FREITAS,BSB,UDI,3
JOSÉ GUIMARÃES,FOR,JDO,12
CREUZA PEREIRA,JDO,REC,2
SERGIO SOUZA,CGH,MGF,1
DIMAS FABIANO,SDU,BSB,3
GONZAGA PATRIOTA,BSB,IOS,1
LUANA COSTA,SLZ,BSB,10
WALDENOR PEREIRA,VDC,SSA,19
ANTONIO CARLOS MENDES THAME,BSB,VCP,12
HUGO LEAL,CNF,SDU,1
PADRE JOÃO,BSB,MOC,1
MARGARIDA SALOMÃO,CGH,GIG,1
RUBENS PEREIRA JÚNIOR,BSB,BSB,4
EVAIR VIEIRA DE MELO,BSB,BSB,4
DANILO FORTE,FOR,REC,1
POMPEO DE MATTOS,POA,BSB,13
DANIEL ALMEIDA,SSA,CGH,1
MARINHA RAUPP,BSB,GIG,1
PEDRO VILELA,SDU,BSB,2
WILSON BESERRA,BSB,SDU,7
JUNIOR MARRECA,BSB,SSA,1
PASTOR LUCIANO BRAGA,GIG,SSA,1
PEDRO UCZAI,XAP,BSB,10
JOSÉ GUIMARÃES,GRU,FOR,2
NORMA AYUB,BSB,VIX,13
HUGO LEAL,BSB,GIG,1
FRANCISCO FLORIANO,SDU,CGH,3
MARINALDO ROSENDO,MCZ,BSB,1
ODORICO MONTEIRO,GIG,VCP,1
ZECA DIRCEU,BSB,CWB,13
EVANDRO GUSSI,BSB,BSB,4
CHICO D'ANGELO,BSB,BSB,9
MARINALDO ROSENDO,BEL,SLZ,2
CÉSAR HALUM,BSB,PMW,3
FELIPE BORNIER,BSB,GIG,9
ROSINHA DA ADEFAL,GRU,MCZ,2
ROBINSON ALMEIDA,BSB,SSA,8
MARCELO CASTRO,BSB,BSB,54
CLAUDIO CAJADO,BSB,GRU,1
JUNIOR MARRECA,SLZ,BSB,3
RODRIGO PACHECO,BSB,BSB,9
ARTHUR VIRGÍLIO BISNETO,BVB,BSB,1
NILSON PINTO,BSB,BEL,2
OSMAR BERTOLDI,CWB,BSB,6
CARLOS MARUN,BSB,POA,3
MARCO TEBALDI,FLN,BSB,5
ORLANDO SILVA,GRU,BSB,1
SABINO CASTELO BRANCO,BSB,MAO,9
WILSON FILHO,BSB,REC,1
LEONARDO MONTEIRO,GVR,CNF,4
LUANA COSTA,BSB,SLZ,7
ODORICO MONTEIRO,FOR,BSB,13
AGUINALDO RIBEIRO,CGH,BSB,5
GONZAGA PATRIOTA,BSB,REC,8
JUSCELINO FILHO,SLZ,BSB,6
LÁZARO BOTELHO,PMW,BSB,14
ORLANDO SILVA,SSA,GRU,1
ZÉ SILVA,BSB,UDI,1
EFRAIM FILHO,BSB,JPA,5
HUGO MOTTA,BSB,JPA,3
LOURIVAL GOMES,SDU,BSB,6
FELIPE MAIA,BSB,NAT,5
ANDRÉ AMARAL,SSA,BSB,2
JEAN WYLLYS,SDU,CGH,1
JEFFERSON CAMPOS,VCP,BSB,6
LOURIVAL GOMES,GIG,BSB,4
ZÉ CARLOS,BSB,BSB,11
CACÁ LEÃO,CGH,SSA,3
RICARDO BENTINHO,SJP,VCP,1
GIACOBO,CWB,CAC,2
YEDA CRUSIUS,BSB,POA,2
MARIA HELENA,BVB,BSB,6
SORAYA SANTOS,GRU,BSB,3
MARCUS VICENTE,BSB,VIX,17
TADEU ALENCAR,JDO,REC,1
LAURA CARNEIRO,GIG,BSB,15
ARTHUR VIRGÍLIO BISNETO,BSB,MAO,6
EDIO LOPES,BSB,BSB,8
LEO DE BRITO,BSB,CGH,1
ROSINHA DA ADEFAL,MCZ,THE,1
ASSIS CARVALHO,BSB,THE,4
DIEGO ANDRADE,CNF,BSB,13
EDIO LOPES,CGH,BSB,1
BRUNNY,CNF,BSB,2
JORGE SOLLA,BSB,GRU,1
ANDRES SANCHEZ,CGH,PMW,1
DOMINGOS NETO,FOR,BSB,19
ALESSANDRO MOLON,BSB,CGH,7
ANDRES SANCHEZ,PMW,BSB,1
ADILTON SACHETTI,BSB,THE,1
JOSÉ AIRTON CIRILO,BSB,BSB,8
LUIS CARLOS HEINZE,BSB,BSB,7
WALDIR MARANHÃO,THE,BSB,2
VINICIUS GURGEL,CGH,BSB,1
JOSÉ ROCHA,RJ,SSA,1
LAURA CARNEIRO,BSB,GIG,3
HÉLIO LEITE,SDU,BSB,1
GENECIAS NORONHA,BSB,CGH,1
CARLOS GOMES,POA,BSB,8
LUIZ SÉRGIO,GIG,BSB,9
ELIZIANE GAMA,IMP,BSB,2
DILCEU SPERAFICO,CAC,BSB,3
LINCOLN PORTELA,CNF,BSB,10
JORGE CÔRTE REAL,BSB,CGH,8
RONALDO MARTINS,THE,FOR,1
ARNALDO JORDY,BSB,MAB,1
ALBERTO FRAGA,BSB,AJU,1
PATRUS ANANIAS,BSB,CGH,1
HERCULANO PASSOS,SJP,VCP,1
ALICE PORTUGAL,BSB,CGH,1
VALDIR COLATTO,BSB,XAP,9
EDIO LOPES,BSB,BVB,21
JÉSSICA SALES,CZS,BSB,1
AGUINALDO RIBEIRO,BSB,REC,2
GORETE PEREIRA,FOR,REC,1
ANGELIM,BSB,RBR,17
JOSÉ FOGAÇA,CNF,BSB,1
ROBERTO GÓES,BSB,MCP,3
PROFESSORA MARCIVANIA,BSB,BSB,2
ZÉ GERALDO,BSB,BSB,9
CARLOS MELLES,BSB,BSB,1
JOVAIR ARANTES,GYN,BSB,1
WADIH DAMOUS,SDU,BSB,14
MARINHA RAUPP,GIG,BSB,1
IRAJÁ ABREU,CGH,PMW,1
GONZAGA PATRIOTA,PNZ,BSB,7
ROGÉRIO PENINHA MENDONÇA,FLN,BSB,23
CELSO JACOB,BSB,GIG,3
IRACEMA PORTELLA,THE,BSB,2
GONZAGA PATRIOTA,PNZ,SSA,1
SILAS FREIRE,BSB,THE,16
DÉCIO LIMA,BSB,NAV,1
LAUDIVIO CARVALHO,BSB,BSB,1
EVAIR VIEIRA DE MELO,VIX,BSB,12
JORGE BOEIRA,CWB,BSB,1
TIA ERON,BSB,SSA,12
JANDIRA FEGHALI,CGH,SDU,7
ANDRÉ AMARAL,BSB,PMW,1
JOÃO ARRUDA,BSB,CWB,16
LUCIANA SANTOS,FOR,BSB,1
JOSÉ CARLOS ARAÚJO,BSB,CGH,3
IRACEMA PORTELLA,BSB,SDU,1
EFRAIM FILHO,JPA,BSB,6
MAURO PEREIRA,BSB,CGH,1
GIACOBO,CAC,CWB,1
LUIZ FERNANDO FARIA,BSB,CNF,7
ADILTON SACHETTI,BSB,CGB,2
ALFREDO KAEFER,BSB,CGH,2
CARLOS MELLES,GRU,RAO,1
ADILTON SACHETTI,BSB,CGH,1
ARTHUR VIRGÍLIO BISNETO,BSB,BSB,9
HUGO MOTTA,JPA,BSB,5
VICENTE CANDIDO,SSA,BSB,2
JANDIRA FEGHALI,SLZ,BSB,1
SUBTENENTE GONZAGA,BSB,IPN,1
FRANCISCO FLORIANO,SDU,BSB,30
ROBERTO ALVES,BSB,SSA,2
ARIOSTO HOLANDA,FOR,BSB,7
ROBERTO DE LUCENA,VCP,BSB,4
POLLYANA GAMA,BSB,BSB,2
TIA ERON,BSB,BSB,1
CARLOS BEZERRA,CGH,CGB,1
MARCELO ARO,Bsb-Cnf,2
MARCELO SQUASSONI,BSB,BSB,5
HÉLIO LEITE,BEL,BSB,7
MARINALDO ROSENDO,SSA,REC,2
PAULO PEREIRA DA SILVA,BSB,BSB,5
ALUISIO MENDES,CGH,BSB,1
CELSO PANSERA,GIG,BSB,14
PAULO FEIJÓ,SDU,CAW,2
LUCIANO DUCCI,CGR,CWB,1
ZÉ SILVA,UDI,CNF,1
NELSON PELLEGRINO,IOS,SSA,1
SILAS CÂMARA,BSB,MAO,3
PADRE JOÃO,BSB,CNF,12
VALDIR COLATTO,XAP,BSB,9
SARAIVA FELIPE,BSB,MOC,2
MARCOS ABRÃO,BSB,BSB,5
PEDRO FERNANDES,BSB,BSB,11
RAFAEL MOTTA,BSB,GRU,1
BONIFÁCIO DE ANDRADA,BSB,CNF,15
TONINHO WANDSCHEER,CWB,IGU,1
ZECA DIRCEU,NVT,GRU,1
ANTONIO BRITO,SSA,BSB,21
ALCEU MOREIRA,BSB,BSB,2
GIACOBO,POA,BSB,1
PR. MARCO FELICIANO,GRU,RAO,7
ANTONIO BRITO,VDC,SSA,2
CELSO MALDANER,BSB,BSB,1
ALAN RICK,CGB,BSB,1
GONZAGA PATRIOTA,IOS,BSB,1
CRISTIANE BRASIL,BSB,BSB,2
GERALDO RESENDE,CGR,BSB,14
JOSÉ MENTOR,BSB,CGH,16
VANDER LOUBET,CGR,BSB,13
BETO SALAME,BSB,IMP,1
JHONATAN DE JESUS,CGH,BSB,2
LUIZ NISHIMORI,BSB,CWB,2
WILSON FILHO,BSB,BSB,8
HEITOR SCHUCH,BSB,VCP,1
BENITO GAMA,SSA,BSB,7
TEREZA CRISTINA,CGR,GRU,2
ROGÉRIO MARINHO,CGH,NAT,1
WEVERTON ROCHA,SLZ,IMP,1
ADEMIR CAMILO,CNF,GVR,1
SERGIO SOUZA,CWB,CAC,1
IRACEMA PORTELLA,SDU,CGH,2
VITOR LIPPI,VCP,BSB,6
SÁGUAS MORAES,BSB,BSB,1
ARTHUR VIRGÍLIO BISNETO,CGH,BSB,5
DILCEU SPERAFICO,BSB,BSB,3
SEVERINO NINHO,BSB,REC,17
CARLOS BEZERRA,BSB,CGB,6
WLADIMIR COSTA,STM,BEL,4
TADEU ALENCAR,SSA,REC,1
ZECA CAVALCANTI,REC,BSB,9
AFONSO MOTTA,BSB,POA,3
CAIO NARCIO,CNF,BSB,7
GUILHERME COELHO,VCP,PNZ,2
RICARDO TEOBALDO,REC,BSB,33
CARLOS BEZERRA,BSB,CGR,1
ZÉ GERALDO,BSB,STM,1
VINICIUS GURGEL,MCP,BSB,9
MARCUS PESTANA,CNF,BSB,11
BETO FARO,GRU,BEL,1
SERGIO VIDIGAL,VIX,BSB,11
TIA ERON,CGH,SSA,2
WELITON PRADO,CNF,BSB,6
SUBTENENTE GONZAGA,CNF,BSB,12
CÉSAR MESSIAS,BSB,CGH,1
CABO SABINO,FOR,BSB,23
ALFREDO KAEFER,BSB,CAC,3
EVANDRO GUSSI,CGH,BSB,15
JÚLIO CESAR,BSB,THE,11
SILVIO TORRES,BSB,CGH,29
DR. JORGE SILVA,BSB,CGH,2
DEJORGE PATRÍCIO,SDU,BSB,31
CAJAR NARDES,SDU,BSB,3
ROGÉRIO MARINHO,GRU,NAT,3
JERÔNIMO GOERGEN,BSB,POA,8
RAIMUNDO GOMES DE MATOS,FOR,BSB,16
DAVIDSON MAGALHÃES,CGH,SSA,1
PROFESSORA MARCIVANIA,CGH,BSB,2
AELTON FREITAS,UDI,CNF,1
LUIS TIBÉ,SSA,GIG,1
ALEXANDRE SERFIOTIS,GIG,BSB,7
BRUNA FURLAN,BSB,CGH,14
LEOPOLDO MEYER,CWB,BSB,19
ARTHUR OLIVEIRA MAIA,CGH,BSB,10
NELSON PADOVANI,BSB,CWB,3
CESAR SOUZA,BSB,FLN,6
ZÉ SILVA,BSB,BSB,1
MAURO LOPES,BSB,CNF,10
ROBERTO GÓES,BEL,BSB,3
MARCO MAIA,BSB,SSA,1
MARCELO CASTRO,BSB,THE,10
FELIPE BORNIER,SDU,BSB,16
RÔMULO GOUVEIA,BSB,CGH,2
ANDRÉ AMARAL,REC,SSA,2
VALDIR COLATTO,FLN,BSB,3
LINDOMAR GARÇON,BSB,PVH,4
AGUINALDO RIBEIRO,CGH,REC,1
JEFFERSON CAMPOS,CGH,BSB,2
WILSON FILHO,VIX,REC,1
LEÔNIDAS CRISTINO,BSB,BSB,4
DOMINGOS SÁVIO,MOC,BSB,1
DANIEL ALMEIDA,SSA,BSB,6
MARCUS PESTANA,SDU,BSB,6
PAULO ABI-ACKEL,CNF,SDU,2
GIVALDO VIEIRA,BSB,BSB,1
ADELMO CARNEIRO LEÃO,CNF,UBA,2
ELI CORRÊA FILHO,CGH,BSB,6
MANDETTA,SDU,BSB,7
CAPITÃO AUGUSTO,BSB,JTC,6
TEREZA CRISTINA,CGH,CGR,1
TONINHO WANDSCHEER,BSB,SDU,1
PEDRO FERNANDES,BSB,SLZ,11
VINICIUS CARVALHO,BSB,CGH,13
JORGE CÔRTE REAL,CGH,BSB,5
RAFAEL MOTTA,NAT,BSB,25
PEDRO UCZAI,BSB,XAP,12
DILCEU SPERAFICO,BSB,SLZ,1
NELSON PADOVANI,BSB,MGF,2
JEAN WYLLYS,BSB,SDU,6
JHONATAN DE JESUS,BVB,BSB,8
LOURIVAL GOMES,BSB,GIG,2
RONALDO BENEDET,CGH,GIG,1
MARCO MAIA,BSB,BSB,5
JORGE CÔRTE REAL,BSB,BSB,5
CONCEIÇÃO SAMPAIO,MAO,BSB,3
PATRUS ANANIAS,CGH,BSB,1
ANTONIO IMBASSAHY,BSB-SSA,1
VALADARES FILHO,SSA,BSB,4
CABUÇU BORGES,BSB,BSB,4
JONES MARTINS,POA,BSB,2
ULDURICO JUNIOR,SSA,BPS,1
LEÔNIDAS CRISTINO,FOR,BSB,13
TEREZA CRISTINA,BSB,CGH,1
NILSON LEITÃO,SMT,BSB,2
OSMAR BERTOLDI,CGH,CWB,1
PATRUS ANANIAS,BSB,BSB,1
ROGÉRIO PENINHA MENDONÇA,FLN,CGH,1
TEREZA CRISTINA,BSB,CGR,5
JORGE TADEU MUDALEN,GRU,BSB,3
NILTON CAPIXABA,BSB,BSB,7
RONALDO BENEDET,VCP,JJG,1
WALNEY ROCHA,SDU,BSB,1
DÉCIO LIMA,BSB,NVT,1
SERGIO ZVEITER,SDU,BSB,23
PATRUS ANANIAS,IPN,CNF,1
LUIS CARLOS HEINZE,POA,BSB,5
JUTAHY JUNIOR,SSA,BSB,2
EDUARDO CURY,BSB,CGH,2
CELSO PANSERA,BSB,GIG,11
MARINHA RAUPP,BSB,OAL,1
LEO DE BRITO,BSB,BSB,5
CELSO JACOB,GIG,BSB,10
EDIO LOPES,BSB,CGH,1
SILVIO TORRES,CGH,BSB,26
TADEU ALENCAR,JDO,BSB,1
ENIO VERRI,CWB,BSB,1
RONALDO LESSA,GRU,MCZ,2
ZÉ SILVA,BSB,CNF,7
GENECIAS NORONHA,BSB,BSB,3
ADILTON SACHETTI,BSB,BSB,1
PAULO MAGALHÃES,IOS,SSA,2
BENEDITA DA SILVA,SDU,BSB,11
ARNALDO JORDY,BEL,BSB,13
ALUISIO MENDES,BSB,SLZ,6
CABO SABINO,BSB,BSB,2
DAVIDSON MAGALHÃES,BSB,SSA,12
JOSÉ MENTOR,BSB,BSB,6
ALICE PORTUGAL,BSB,BSB,8
ALUISIO MENDES,SLZ,BSB,5
ANTÔNIO JÁCOME,NAT,BPS,1
RÔMULO GOUVEIA,CGH,BSB,2
DIMAS FABIANO,BSB,GIG,2
HERMES PARCIANELLO,MGFBSB,1
ADÉRMIS MARINI,CGH,BSB,3
IRAJÁ ABREU,SDU,BSB,3
JOSÉ GUIMARÃES,JDO,FOR,10
JANETE CAPIBERIBE,MCP,BEL,1
AELTON FREITAS,BSB,CNF,1
LEONARDO MONTEIRO,GVR,BSB,1
ALFREDO KAEFER,CAC,CWB,1
ALICE PORTUGAL,CGH,BSB,3
GUILHERME COELHO,REC,PNZ,5
ALEX MANENTE,GRU,BSB,1
JANDIRA FEGHALI,CGH,BSB,1
WALDIR MARANHÃO,REC,SLZ,1
MARCOS MONTES,UDI,GRU,1
ANDRE MOURA,CGH,BSB,1
RUBENS BUENO,BSB,CWB,13
JHONATAN DE JESUS,BSB,BVB,9
PEPE VARGAS,BSB,FLN,1
WALDIR MARANHÃO,BSB,REC,1
STEFANO AGUIAR,CNF,POA,1
ONYX LORENZONI,FLN,CGH,1
ANTÔNIO JÁCOME,NAT,BSB,7
DELEGADO FRANCISCHINI,CWB,BSB,16
EDUARDO BOLSONARO,FLN-BSB,1
FELIPE MAIA,GRU,BSB,4
RUBENS PEREIRA JÚNIOR,GRU,SLZ,1
ONYX LORENZONI,VCP,BSB,1
AGUINALDO RIBEIRO,JPA,CGH,1
ZÉ GERALDO,BSB,CGH,2
JHONATAN DE JESUS,BSB,BSB,3
EDMILSON RODRIGUES,BEL,BSB,7
MAURO PEREIRA,BSB,CXJ,10
OSMAR BERTOLDI,BSB,CWB,4
EDMILSON RODRIGUES,BEL,STM,2
ALICE PORTUGAL,BSB,SSA,20
GUILHERME COELHO,SSA,PNZ,1
CARLOS GOMES,BSB,CNF,1
ONYX LORENZONI,CGH,POA,1
WALDIR MARANHÃO,JPA,BSB,1
MARCOS ABRÃO,BSB,CGH,1
NILTO TATTO,BSB,CGH,8
FLAVIANO MELO,GRU,BSB,1
ROSINHA DA ADEFAL,BSB,GRU,2
JAIR BOLSONARO,SDU,BSB,4
DELEY,SDU,BSB,8
ÁTILA LIRA,THE,BSB,4
TADEU ALENCAR,REC,FOR,1
DOMINGOS NETO,GIG,FOR,1
DANILO FORTE,REC,FOR,1
PAULO HENRIQUE LUSTOSA,BSB,FOR,4
JOSÉ MENTOR,CGH,BSB,12
DR. SINVAL MALHEIROS,BSB,RAO,32
AGUINALDO RIBEIRO,BSB,JPA,3
JOÃO FERNANDO COUTINHO,REC,BSB,12
EFRAIM FILHO,REC,BSB,1
JOÃO FERNANDO COUTINHO,BSB,REC,14
JOAQUIM PASSARINHO,GRU,BEL,1
MIRO TEIXEIRA,SDU,BSB,13
MARCELO ÁLVARO ANTÔNIO,CNF,MOC,6
MARGARIDA SALOMÃO,SDU,BSB,3
ORLANDO SILVA,BSB,VCP,1
ALFREDO KAEFER,BSB,CWB,2
JOSÉ PRIANTE,CGH,BEL,1
DR. SINVAL MALHEIROS,RAO,BSB,28
PAULO ABI-ACKEL,CNF,SSA,1
RONALDO BENEDET,FLN,BSB,5
JOSÉ CARLOS ARAÚJO,BSB,BSB,2
ZECA DIRCEU,CWB,BSB,2
BENITO GAMA,SSA,CGH,1
LUIZ NISHIMORI,BSB,CGH,5
JANETE CAPIBERIBE,MCP,BSB,6
BEBETO,IOS,SSA,3
STEFANO AGUIAR,BSB,BSB,4
JOSÉ CARLOS ARAÚJO,BSB,SSA,9
CAETANO,BSB,GRU,1
CACÁ LEÃO,SSA,GRU,4
PAUDERNEY AVELINO,BSB,NAT,1
WALDIR MARANHÃO,SLZ,IMP,1
ELI CORRÊA FILHO,BSB,BSB,10
MISSIONÁRIO JOSÉ OLIMPIO,BSB,GRU,1
RICARDO TEOBALDO,BSB,REC,13
PAULO ABI-ACKEL,SDU,CNF,3
SEVERINO NINHO,REC,BSB,10
AFONSO HAMM,PET,BSB,2
ELIZIANE GAMA,IMP,SLZ,1
JOSÉ CARLOS ALELUIA,BSB,CGH,2
AROLDE DE OLIVEIRA,SDU,BSB,7
CÉSAR MESSIAS,RBR,CZS,5
LUIZ CARLOS HAULY,BSB,GRU,1
CARLOS HENRIQUE GAGUIM,PMW,BSB,3
LÁZARO BOTELHO,AUX,PMW,24
ALUISIO MENDES,BSB,BSB,6
CARLOS HENRIQUE GAGUIM,BSB,PMW,7
JOÃO CARLOS BACELAR,SSA,IOS,1
NIVALDO ALBUQUERQUE,BSB,BSB,2
AUGUSTO COUTINHO,SDU,BSB,1
ALICE PORTUGAL,CGH,SSA,2
ALEXANDRE SERFIOTIS,BSB,GIG,11
EZEQUIEL FONSECA,BSB,BSB,1
CARLOS MELLES,CGH,BSB,2
GORETE PEREIRA,BSB,FOR,15
PROFESSORA DORINHA SEABRA REZENDE,PMW,GYN,1
BRUNNY,GRU,CGB,1
AFONSO FLORENCE,BSB,BSB,2
EDMILSON RODRIGUES,ATM,BEL,2
RÔMULO GOUVEIA,BSB,BSB,6
MARCELO SQUASSONI,SSA,CGH,1
REGINALDO LOPES,CNF,IPN,1
ROBERTO SALES,sdu,bsb,1
JHC,BSB,MCZ,7
EDUARDO BARBOSA,BSB,BSB,2
CARMEN ZANOTTO,BSB,FLN,14
LAUDIVIO CARVALHO,BSB,CNF,2
JULIÃO AMIN,SLZ,IMP,1
DARCÍSIO PERONDI,BSB,POA,3
LUIZ CARLOS BUSATO,BSB,BSB,1
MARCELO MATOS,GIG,BSB,13
PR. MARCO FELICIANO,RAO,GRU,3
JOÃO DANIEL,SSA,BSB,1
NILTO TATTO,CGH,BSB,8
ALEX CANZIANI,SDU,LDB,2
AFONSO FLORENCE,BSB,SSA,10
MARIANA CARVALHO,bsb-pvh,1
WALDIR MARANHÃO,REC,BSB,2
CARLOS EDUARDO CADOCA,BSB,REC,29
PAULO PIMENTA,POA,BSB,5
LEO DE BRITO,CGH,BSB,1
ASSIS MELO,SDU,BSB,1
ROSINHA DA ADEFAL,MCZ,BSB,11
ADÉRMIS MARINI,BSB,CGH,3
SÓSTENES CAVALCANTE,BSB,GIG,12
WALTER IHOSHI,BSB,GRU,1
WELLINGTON ROBERTO,BSB,CGH,3
NELSON MARQUEZELLI,VCP,BSB,4
ELCIONE BARBALHO,BSB,BEL,2
ALEX CANZIANI,LDB,CWB,15
CÉSAR MESSIAS,BSB,BSB,25
JOSÉ NUNES,GRU,BSB,1
PAULO ABI-ACKEL,CNF,BSB,10
BRUNA FURLAN,BSB,BSB,12
MAURO MARIANI,BSB,CWB,5
WALDIR MARANHÃO,BSB,IMP,4
SERGIO VIDIGAL,BSB,BSB,1
SILVIO TORRES,BSB,BSB,19
JANDIRA FEGHALI,POA,GIG,1
GEORGE HILTON,BSB,POA,1
PROFESSOR VICTÓRIO GALLI,BSB,CGB,8
ANDRÉ DE PAULA,BSB,BSB,16
RUBENS BUENO,CWB,MGF,5
WELITON PRADO,CNF,UDI,6
HENRIQUE FONTANA,CGH,BSB,3
JONES MARTINS,BSB,BSB,3
SILVIO COSTA,BSB,CGH,3
SILAS CÂMARA,MAO,BSB,5
PAUDERNEY AVELINO,CGH,BSB,1
HENRIQUE FONTANA,BSB,BSB,15
AGUINALDO RIBEIRO,JPA,BSB,5
JHC,BSB,BSB,2
BETO FARO,BSB,MAB,2
VANDER LOUBET,bsb,cgr,3
JAIR BOLSONARO,SDU,CGH,3
STEFANO AGUIAR,URG,POA,1
EDUARDO BOLSONARO,CGH-BSB,1
FELIPE BORNIER,PMW,BSB,1
REGINALDO LOPES,CNF,CGH,1
ROGÉRIO MARINHO,NAT,BSB,13
JOAQUIM PASSARINHO,BSB,STM,2
WILSON FILHO,FOR,BSB,1
ANTÔNIO JÁCOME,BSB,NAT,3
JOAQUIM PASSARINHO,BSB,BSB,9
ALEX CANZIANI,LDB,CGH,1
JHC,CGH,BSB,1
PAUDERNEY AVELINO,BSB,BSB,15
RAQUEL MUNIZ,MOC,BSB,13
ANDRÉ DE PAULA,CGH,BSB,1
DAVIDSON MAGALHÃES,BSB,CGH,1
FELIPE MAIA,NAT,FOR,1
LÚCIO VALE,BSB,BSB,7
GIVALDO CARIMBÃO,BSB,MCZ,11
JOAQUIM PASSARINHO,CGH,BSB,1
ADELSON BARRETO,BSB,AJU,43
MARCO MAIA,BSB,CGH,1
RAQUEL MUNIZ,CNF,BSB,6
PEDRO UCZAI,BSB,FLN,1
SARAIVA FELIPE,BSB,SDU,2
DANIEL ALMEIDA,CGH,SSA,3
DÉCIO LIMA,NVT,BSB,2
VINICIUS CARVALHO,BSB,BSB,1
DILCEU SPERAFICO,IGU,FLN,1
AUGUSTO COUTINHO,REC,BSB,8
CÉSAR MESSIAS,BSB,CZS,1
ALFREDO KAEFER,GRU,IGU,1
DANIEL ALMEIDA,CGH,BSB,1
JHC,GIG,BSB,1
JANDIRA FEGHALI,SDU,BSB,12
LÁZARO BOTELHO,CGH,BSB,1
FÁBIO RAMALHO,CNF,AAX,1
MARIANA CARVALHO,PVH,BSB,5
EDUARDO BARBOSA,VDC,CNF,1
PADRE JOÃO,BSB,BSB,2
WEVERTON ROCHA,REC,SLZ,1
SABINO CASTELO BRANCO,BSB,BSB,5
FÁBIO FARIA,BSB,CGH,5
NILTO TATTO,BSB,BSB,8
FLAVIANO MELO,RBR,CZS,4
JOSÉ ROCHA,BRA,SSA,1
DOMINGOS NETO,BSB,GIG,1
DANIEL ALMEIDA,BSB,SSA,12
MARCIO ALVINO,BSB,CGH,8
SABINO CASTELO BRANCO,CGH,BSB,1
LUCIANO DUCCI,BSB,CWB,18
CARLOS BEZERRA,GRU,BSB,1
LUCIANA SANTOS,BSB,REC,6
JOÃO DERLY,BSB,POA,10
NELSON PELLEGRINO,SSA,BSB,13
MARCUS VICENTE,BSB,CNF,1
TENENTE LÚCIO,UDI,BSB,18
MÁRIO HERINGER,CNF,BSB,4
LINDOMAR GARÇON,BSB,BSB,3
VICENTINHO,PPB,CGH,1
ROGÉRIO MARINHO,FOR,BSB,2
EDIO LOPES,BVB,BSB,20
MARGARIDA SALOMÃO,SSA,GIG,1
BRUNNY,GRU,BSB,2
CESAR SOUZA,FLN,BSB,3
HUGO MOTTA,BSB,GRU,1
WELITON PRADO,GRU,BSB,1
MOISÉS DINIZ,BSB,RBR,8
BONIFÁCIO DE ANDRADA,BSB,BSB,6
RÔMULO GOUVEIA,JPA,FOR,2
DANIEL ALMEIDA,BSB,BRA,1
BENEDITA DA SILVA,BSB,BSB,6
LÁZARO BOTELHO,BSB,BSB,7
CARLOS MANATO,VIX,SDU,1
RÔMULO GOUVEIA,VCP,JPA,1
ALEX CANZIANI,GRU,LDB,1
DELEGADO EDSON MOREIRA,CNF,BSB,11
ALBERTO FILHO,BSB,SLZ,8
LUIS TIBÉ,BSB,PMW,1
ROBERTO ALVES,CNF,VCP,1
DANIEL ALMEIDA,BSB,BSB,3
DELEY,GIG,BSB,6
FERNANDO MONTEIRO,REC,BSB,7
HERCULANO PASSOS,BSB,CGH,3
SIMONE MORGADO,BSB,BEL,4
MÁRIO HERINGER,SDU,BSB,5
DAGOBERTO NOGUEIRA,BSB,CGR,19
RUBENS BUENO,BSB,IGU,1
WILSON FILHO,REC,MCZ,1
JÚLIA MARINHO,MAB,BSB,1
RONALDO CARLETTO,BPS,SSA,12
FRANKLIN,GRU,CNF,1
SÓSTENES CAVALCANTE,GIG,BSB,9
IRAJÁ ABREU,PMW,GYN,1
PAES LANDIM,BSB,THE,2
CARLOS SAMPAIO,BSB,VCP,18
DELEGADO EDSON MOREIRA,BSB,BSB,3
JANETE CAPIBERIBE,BSB,MCP,6
EFRAIM FILHO,NAT,FOR,1
CARLOS MANATO,BSB,VIX,17
ARTHUR VIRGÍLIO BISNETO,MAO,BSB,14
MARCON,BSB,POA,4
RENATO ANDRADE,RAO,BSB,22
BENJAMIN MARANHÃO,BSB,REC,1
PAULO PEREIRA DA SILVA,GYN,CGH,1
ZECA DIRCEU,BSB,SDU,1
WILSON FILHO,BSB,PMW,2
PAES LANDIM,REC,PNZ,1
DILCEU SPERAFICO,FLN,CAC,1
DANIEL VILELA,GYN,BSB,2
MARA GABRILLI,CGH,BSB,6
ELCIONE BARBALHO,BSB,BSB,13
CARLOS SAMPAIO,GIG,VCP,1
PAES LANDIM,CGH,BSB,1
CHRISTIANE DE SOUZA YARED,BSB,CWB,37
JUTAHY JUNIOR,BSB,SDU,1
JUTAHY JUNIOR,CGH,BSB,1
IRACEMA PORTELLA,CGH,BSB,4
MAIA FILHO,SDU,BSB,1
MAURO MARIANI,BSB,JOI,2
ANA PERUGINI,VCP,SDU,1
WALDIR MARANHÃO,BSB,BSB,39
BETO ROSADO,BSB,BSB,3
CREUZA PEREIRA,JDO,BSB,9
MIRO TEIXEIRA,BSB,SDU,18
ZECA CAVALCANTI,BSB,REC,11
ELCIONE BARBALHO,BSB,SSA,1
ÁTILA LIRA,BSB,THE,5
ALAN RICK,RBR,BSB,8
EXPEDITO NETTO,BSB,PVH,4
JOVAIR ARANTES,BSB,BSB,1
JHONATAN DE JESUS,JDO,BSB,1
MARA GABRILLI,BSB,CGH,12
SÉRGIO REIS,BSB,GRU,14
FRANKLIN,BSB,IPN,1
GONZAGA PATRIOTA,BSB,PNZ,6
DELEGADO EDSON MOREIRA,SDU,BSB,1
PAES LANDIM,BSB,CGH,4
RONALDO CARLETTO,BPS,BSB,2
ALUISIO MENDES,BSB,SDU,1
AFONSO MOTTA,BSB,BSB,4
DIEGO GARCIA,JTC,BSB,8
JOSÉ PRIANTE,CGH,BSB,1
CHICO ALENCAR,RAO,BSB,2
JOÃO DERLY,BSB,PFB,1
RAIMUNDO GOMES DE MATOS,BSB,BSB,6
CLEBER VERDE,IMP,BSB,1
JOAQUIM PASSARINHO,BSB,BEL,9
GLAUBER BRAGA,BSB,GIG,3
CAJAR NARDES,SDU,POA,1
JOÃO DANIEL,GRU,AJU,1
GILBERTO NASCIMENTO,BSB,GRU,1
JORGE BOEIRA,BSB,JJG,9
HUGO MOTTA,GRU,JPA,3
RODRIGO MARTINS,BSB,GRU,1
GENECIAS NORONHA,BSB,SSA,1
WALTER ALVES,BSB,BSB,1
DAMIÃO FELICIANO,BSB,JPA,6
DELEY,BSB,BSB,4
MARCELO SQUASSONI,BSB,GRU,1
LUIZIANNE LINS,BSB,BSB,2
ASSIS DO COUTO,CWB,BSB,4
ROBERTO GÓES,CGH,JOI,1
MARCUS PESTANA,BSB,CNF,9
EZEQUIEL TEIXEIRA,GIG,VIX,1
LÚCIO VALE,BSB,BEL,17
EROS BIONDINI,CNF,BSB,13
CAIO NARCIO,BSB,CNF,5
GEOVANIA DE SÁ,XAP,FLN,3
WADIH DAMOUS,BSB,SDU,16
RAIMUNDO GOMES DE MATOS,FOR,JDO,1
ALICE PORTUGAL,GIG,SSA,3
MÁRIO HERINGER,BSB,BSB,4
TEREZA CRISTINA,GRU,CGR,2
RUBENS BUENO,IGU,CWB,2
JAIME MARTINS,BSB,BSB,1
EDMILSON RODRIGUES,BEL,SLZ,1
SERGIO SOUZA,BSB,GRU,1
ULDURICO JUNIOR,SSA,BSB,5
PAULO AZI,BSB,SSA,11
RENATO ANDRADE,BSB,RAO,22
JOÃO PAULO KLEINÜBING,XAP,FLN,1
HIRAN GONÇALVES,BSB,RAO,1
NILSON LEITÃO,BSB,OPS,10
DANRLEI DE DEUS HINTERHOLZ,SDU,POA,1
SILVIO COSTA,REC,PNZ,1
ABEL MESQUITA JR.,BSB,BSB,17
ANDRÉ AMARAL,BSB,THE,1
GUILHERME COELHO,CGH,BSB,2
VICENTINHO,BSB,PPB,1
LUIZA ERUNDINA,BSB,CGH,5
RAQUEL MUNIZ,BSB,BSB,6
RONALDO LESSA,BSB,CGH,2
VAIDON OLIVEIRA,FOR,BSB,6
LÁZARO BOTELHO,BSB,CGH,1
DANRLEI DE DEUS HINTERHOLZ,POA,BSB,5
EDUARDO BOLSONARO,BSB-SDU,1
MISAEL VARELLA,CNF,BSB,5
SANDRO ALEX,BSB,CWB,8
HIRAN GONÇALVES,RAO,BSB,1
EDMILSON RODRIGUES,BEL,ATM,2
BRUNNY,CGB,BSB,1
DELEGADO EDSON MOREIRA,BSB,CNF,10
MIGUEL HADDAD,VCP,BSB,7
SARAIVA FELIPE,BSB,BSB,9
JUSCELINO FILHO,FOR,BSB,1
WALDIR MARANHÃO,BSB,SLZ,23
VINICIUS CARVALHO,BSB,SDU,1
TADEU ALENCAR,FOR,REC,1
ALFREDO KAEFER,CAC,BSB,12
ASSIS CARVALHO,BSB,BSB,3
DANIEL ALMEIDA,SSA,VDC,2
BETINHO GOMES,REC,BSB,16
FÁBIO FARIA,CGH,BSB,3
MARIA HELENA,BSB,BVB,12
SIMONE MORGADO,BSB,BSB,1
DR. SINVAL MALHEIROS,BSB,SJP,6
ANGELIM,BSB,BSB,14
SÉRGIO MORAES,BSB,FLN,1
NELSON PADOVANI,BSB,GYN,1
JOSE STÉDILE,POA,BSB,3
BENEDITA DA SILVA,BSB,CGH,2
BETO MANSUR,SDU,CGH,2
ABEL MESQUITA JR.,BSB,BVB,17
RÔMULO GOUVEIA,FOR,GRU,1
VINICIUS GURGEL,BSB,CGH,6
ANTONIO CARLOS MENDES THAME,BSB,CGH,3
DAMIÃO FELICIANO,BSB,REC,3
PADRE JOÃO,MOC,BSB,1
ROBERTO GÓES,BSB,BEL,1
MARCO ANTÔNIO CABRAL,BSB,SDU,40
TEREZA CRISTINA,GRU,BSB,1
GIVALDO CARIMBÃO,VCP,BSB,1
JOÃO PAULO KLEINÜBING,FLN,BSB,29
NILSON LEITÃO,OPS,BSB,14
MARCELO DELAROLI,BSB,GIG,1
ASSIS MELO,BSB,POA,6
PAULO PEREIRA DA SILVA,BSB,CGH,29
JORGE BOEIRA,CGH,BSB,1
MARCOS MONTES,UBA,BSB,6
EDINHO BEZ,FLN,BSB,6
LUCIANO DUCCI,BSB,CGR,3
JONY MARCOS,CGR,BSB,4
JOZI ARAÚJO,BSB,BEL,1
JORGE TADEU MUDALEN,BSB,GRU,6
VALDIR COLATTO,BSB,FLN,2
POMPEO DE MATTOS,BSB,CGR,1
ADAIL CARNEIRO,BSB,BSB,5
CARLOS MARUN,BSB,AJU,1
JOÃO DANIEL,FOR,SSA,1
JOÃO PAULO KLEINÜBING,BSB,CGH,1
JORGE TADEU MUDALEN,CGH,FOR,1
JOÃO CARLOS BACELAR,GIG,SSA,4
MARCELO DELAROLI,SDU,BSB,13
MÁRIO HERINGER,BSB,CNF,3
DIMAS FABIANO,VCP,BSB,2
ELI CORRÊA FILHO,BSB,CGH,18
DANILO CABRAL,BSB,BSB,20
NILTO TATTO,BSB,JTC,1
WELITON PRADO,UDI,CNF,4
PAULO FOLETTO,VIX,BSB,13
FÁBIO FARIA,BSB,BSB,4
MÁRIO HERINGER,CNF,SDU,4
MOSES RODRIGUES,BSB,JDO,1
ZECA DIRCEU,GRU,MGF,1
ANDRES SANCHEZ,BSB,GRU,5
STEFANO AGUIAR,POA,CNF,1
VALDIR COLATTO,XAP,GRU,1
SILVIO COSTA,BSB,BSB,7
BALEIA ROSSI,BSB,CGH,2
CARLOS ANDRADE,CGH,BSB,1
BEBETO,BSB,REC,1
RICARDO TEOBALDO,BSB,BSB,1
SÉRGIO BRITO,BSB,GRU,1
JOÃO CARLOS BACELAR,CGH,SSA,1
MARIA HELENA,BSB,BSB,3
JOVAIR ARANTES,GYN,SDU,2
FLAVIANO MELO,BSB,RBR,12
ANTONIO IMBASSAHY,SSA,BSB,1
DULCE MIRANDA,PMW,CGH,2
GIVALDO CARIMBÃO,STM,BSB,1
ZÉ GERALDO,STM,BEL,2
PAULO FOLETTO,BSB,VIX,10
CRISTIANE BRASIL,GIG,BSB,14
IRACEMA PORTELLA,BSB,BSB,13
BENEDITA DA SILVA,BSB,CNF,1
ADALBERTO CAVALCANTI,GRU,PNZ,1
JUTAHY JUNIOR,SDU,BSB,3
CREUZA PEREIRA,REC,BSB,5
MARIA DO ROSÁRIO,SSA,POA,1
MARGARIDA SALOMÃO,GIG,POA,1
YEDA CRUSIUS,PFB,BSB,1
SÉRGIO REIS,GRU,BSB,8
DILCEU SPERAFICO,BSB,THE,3
MISSIONÁRIO JOSÉ OLIMPIO,GRU,BSB,1
OSMAR SERRAGLIO,LDB,CWB,1
FERNANDO MONTEIRO,JDO,BSB,2
MAURO MARIANI,BSB,BSB,5
SERGIO SOUZA,CWB,BSB,31
JUTAHY JUNIOR,BSB,BSB,1
CRISTIANE BRASIL,BSB,SDU,21
HERCULANO PASSOS,BSB,BSB,1
JOÃO CARLOS BACELAR,CGH,SDU,1
ELIZIANE GAMA,SLZ,SSA,2
GORETE PEREIRA,BSB,CGH,2
MAURO PEREIRA,POA,BSB,7
BOHN GASS,BSB,POA,4
LUIZ FERNANDO FARIA,CNF,BSB,3
REGINALDO LOPES,CNF,UBA,1
PEDRO VILELA,BSB,MCZ,17
LUCIO VIEIRA LIMA,BSB,BSB,3
PR. MARCO FELICIANO,CGH,BSB,1
VALMIR PRASCIDELLI,BSB,MII,1
JOÃO CARLOS BACELAR,BSB,BSB,6
LUCIO VIEIRA LIMA,BSB,SSA,14
JÚLIA MARINHO,MAB,BEL,1
WLADIMIR COSTA,FOR,BSB,1
MARGARIDA SALOMÃO,IZA,CGH,1
JÚLIO CESAR,BSB,BSB,4
REINHOLD STEPHANES,CWB,IGU,1
SÓSTENES CAVALCANTE,BSB,SDU,8
FERNANDO MONTEIRO,BSB,BSB,4
ELIZIANE GAMA,SLZ,BSB,11
RONALDO BENEDET,BSB,FLN,1
CARLOS HENRIQUE GAGUIM,BSB,BSB,7
GORETE PEREIRA,CGH,BSB,1
PATRUS ANANIAS,BSB,CNF,10
LIDERANÇA DO PSDB,ssa,bsb,2
ADELMO CARNEIRO LEÃO,BSB,UDI,1
BACELAR,BSB,CGH,1
JUTAHY JUNIOR,BSB,SSA,1
JOÃO CARLOS BACELAR,BSB,SSA,21
LUIZ CARLOS HAULY,BSB,SDU,1
GEORGE HILTON,CNF,BSB,10
SHÉRIDAN,BSB,BVB,6
AFONSO FLORENCE,PNZ,SSA,2
SORAYA SANTOS,BSB,SDU,18
ERIVELTON SANTANA,SSA,BSB,10
EDMILSON RODRIGUES,STM,STM,1
ODORICO MONTEIRO,REC,FOR,2
IRACEMA PORTELLA,SDU,BSB,2
EDUARDO DA FONTE,REC,GRU,1
ANDRES SANCHEZ,GIG,GRU,2
TAKAYAMA,CWB,BSB,5
EDMILSON RODRIGUES,FOR,BSB,2
CARLOS SAMPAIO,VCP,BSB,18
BETO SALAME,BSB,BSB,3
GIOVANI CHERINI,BSB,POA,4
ANDRÉ FUFUCA,JPA,BSB,1
ARLINDO CHINAGLIA,ARU,VCP,1
WOLNEY QUEIROZ,BSB,REC,24
DULCE MIRANDA,BSB,FOR,1
ONYX LORENZONI,BSB,CGH,1
BACELAR,CGH,BSB,1
ANA PERUGINI,VCP,BSB,4
WELITON PRADO,GRU,CNF,1
JOSI NUNES,BSB,BSB,1
RUBENS PEREIRA JÚNIOR,FOR,BSB,1
CELSO MALDANER,XAP,FLN,8
BETO ROSADO,CGH,BSB,3
CAETANO,SSA,POA,1
CARLOS SAMPAIO,VCP,SSA,1
DOMINGOS SÁVIO,BSB,SDU,1
PAUDERNEY AVELINO,SDU,BSB,1
NEWTON CARDOSO JR,CNF,BSB,8
NELSON PADOVANI,CAC,CWB,7
GUILHERME COELHO,BSB,CGH,1
WILSON FILHO,JPA,BSB,10
ALEX CANZIANI,LDB,BSB,4
ODORICO MONTEIRO,BSB,BSB,5
EVANDRO ROMAN,BSB,SDU,1
MARCIO ALVINO,CGH,BSB,1
DELEGADO FRANCISCHINI,LDB,BSB,1
ANDRES SANCHEZ,BSB,GIG,2
JAIR BOLSONARO,JPA,GIG,1
MÁRIO NEGROMONTE JR.,BSB,SSA,11
JOSÉ ROCHA,BSB,CNF,1
LEONARDO MONTEIRO,CNF,MOC,1
MARCON,CGH,POA,1
PAES LANDIM,CGH,THE,1
EVANDRO ROMAN,XAP,GRU,2
ROBERTO DE LUCENA,BSB,GRU,15
ODORICO MONTEIRO,BSB,REC,1
PROFESSORA DORINHA SEABRA REZENDE,BSB,BSB,9
NILSON LEITÃO,CGB,SMT,2
PAULO TEIXEIRA,GRU,SLZ,1
ARNALDO FARIA DE SÁ,CGH,BSB,3
DAMIÃO FELICIANO,BSB,BSB,5
LUCIANO DUCCI,BSB,MGF,1
ALFREDO KAEFER,IGU,POA,1
MOSES RODRIGUES,FOR,GIG,1
ROBERTO GÓES,BSB,BSB,6
PEDRO UCZAI,FLN,BSB,4
DANILO CABRAL,BSB,REC,7
MARINHA RAUPP,CGB,PVH,1
FRANKLIN,GRU,BSB,1
FABIO GARCIA,BSB,BSB,6
ARTHUR OLIVEIRA MAIA,VDC,SSA,4
JORGE TADEU MUDALEN,SDU,CGH,1
MARCELO AGUIAR,BSB,CGH,7
ONYX LORENZONI,POA,BSB,10
FLAVINHO,BSB,GRU,7
CARLOS ZARATTINI,GRU,SSA,1
ARNALDO FARIA DE SÁ,BSB,BSB,6
TIA ERON,SSA,GRU,1
MARCIO ALVINO,BSB,SJP,2
VINICIUS GURGEL,BSB,BSB,5
NILSON PINTO,BSB,BSB,16
EDMAR ARRUDA,MGF,BSB,3
JOSE STÉDILE,BSB,BSB,1
ULDURICO JUNIOR,BPS,BSB,4
PAULO PEREIRA DA SILVA,CGH,BSB,35
NELSON PELLEGRINO,BSB,BSB,2
TONINHO PINHEIRO,CNF,BSB,7
ANDRÉ DE PAULA,REC,BSB,9
FÁBIO RAMALHO,BSB,BSB,13
ALEX MANENTE,SDU,CGH,1
ELIZIANE GAMA,BSB,GRU,2
MARIA HELENA,BSB,CGH,1
CACÁ LEÃO,SSA,IOS,1
ROSINHA DA ADEFAL,MCZ,REC,1
FLAVIANO MELO,CGH,BSB,1
NELSON PELLEGRINO,BSB,SSA,17
TIRIRICA,BSB,PMW,1
FLAVIANO MELO,BSB,BSB,13
BEBETO,BSB,BSB,2
PATRUS ANANIAS,CNF,BSB,19
WALDENOR PEREIRA,BSB,CGH,1
ASSIS MELO,PFB,BSB,1
FÉLIX MENDONÇA JÚNIOR,BSB,GRU,1
ANDRÉ FUFUCA,SSA,BSB,1
ZÉ SILVA,BSB,MOC,1
NELSON PELLEGRINO,GIG,SSA,1
ESPERIDIÃO AMIN,XAP,FLN,1
SARAIVA FELIPE,BSB,CGH,3
ADÉRMIS MARINI,RAO,BSB,16
PEDRO PAULO,BSB,SDU,18
LUANA COSTA,BSB,BSB,4
LUIZ CARLOS RAMOS,SDU,BSB,2
TAKAYAMA,MGF,CWB,1
DAGOBERTO NOGUEIRA,BSB,BSB,1
FELIPE MAIA,BSB,BSB,7
MOISÉS DINIZ,RBR,BSB,7
ÁTILA LIRA,BSB,BSB,5
PEDRO UCZAI,JJG,BSB,1
VITOR LIPPI,BSB,CGH,2
JOSÉ REINALDO,BSB,SLZ,8
LEOPOLDO MEYER,BSB,BSB,1
JORGE TADEU MUDALEN,FOR,SSA,1
LUIZ CARLOS HAULY,CWB,BSB,4
DANILO FORTE,FOR,BSB,10
DÉCIO LIMA,FLN,XAP,1
EDMILSON RODRIGUES,BEL,REC,1
GIACOBO,BSB,CWB,1
MARCUS PESTANA,BSB,BSB,4
ALUISIO MENDES,BSB,IMP,1
AUREO,BSB,BSB,4
JOZI ARAÚJO,BSB,BSB,14
MARIANA CARVALHO,BSB,SDU,1
FERNANDO MONTEIRO,CGH,BSB,1
ANA PERUGINI,BSB,CGH,1
JOSÉ ROCHA,SSA,VDC,2
CARLOS ZARATTINI,PPB,CGH,1
ANDRÉ FIGUEIREDO,BSB,FOR,18
PEDRO UCZAI,XAP,GRU,1
ZÉ AUGUSTO NALIN,BSB,SDU,6
DILCEU SPERAFICO,IGU,GRU,1
NELSON PELLEGRINO,CGH,SSA,4
AELTON FREITAS,CNF,BSB,3
AFONSO FLORENCE,SSA,BSB,8
BENJAMIN MARANHÃO,BSB,BSB,1
ZÉ SILVA,CNF,BSB,10
JUTAHY JUNIOR,BSB,CGH,1
FELIPE CARRERAS,BSB,REC,1
VANDER LOUBET,BSB,CGR,10
MARCELO AGUIAR,cgh,bsb,1
PROFESSORA MARCIVANIA,MCP,BSB,8
CHICO D'ANGELO,SDU,GRU,1
MARCELO SQUASSONI,GRU,BSB,2
LOBBE NETO,BSB,RAO,8
VANDER LOUBET,BSB,CGH,1
BALEIA ROSSI,CGH,BSB,1
MAIA FILHO,BSB,BSB,1
MAURO MARIANI,CWB,BSB,3
CARLOS MANATO,VIX,CGH,1
ALEXANDRE LEITE,CGH,FLN,1
ALICE PORTUGAL,SSA,SLZ,1
MARINALDO ROSENDO,SLZ,BSB,2
BENJAMIN MARANHÃO,JPA,BSB,3
NILSON LEITÃO,CGB,BSB,8
RUBENS BUENO,MGF,CWB,5
EROS BIONDINI,BSB,GRU,2
MARCIO ALVINO,BSB,SSA,2
ALFREDO KAEFER,VCP,CAC,3
HERCULANO PASSOS,CGH,BSB,4
ZÉ AUGUSTO NALIN,GIG,BSB,18
CACÁ LEÃO,IOS,SSA,1
WOLNEY QUEIROZ,BSB,PVH,1
LOBBE NETO,RAO,BSB,5
CARLOS HENRIQUE GAGUIM,BSB,SDU,1
JOSÉ REINALDO,BSB,BSB,1
CLAUDIO CAJADO,BSB,BSB,5
CARLOS ANDRADE,BSB,BSB,2
JORGE TADEU MUDALEN,GYN,CGH,1
ANÍBAL GOMES,BSB,FOR,8
ROBERTO SALES,bsb,sdu,1
SERGIO SOUZA,CAC,CWB,1
NILSON PINTO,RIA,BSB,1
ZECA DIRCEU,BSB,CGH,2
MAJOR OLIMPIO,BSB,CGH,7
HISSA ABRAHÃO,BSB,MAO,11
PEDRO PAULO,CGH,SDU,1
DAGOBERTO NOGUEIRA,BSB,SJP,1
VALTENIR PEREIRA,GRU,BSB,1
ROCHA,BSB,RBR,6
FERNANDO MONTEIRO,MCZ,BSB,1
RÔMULO GOUVEIA,BSB,NAT,3
ULDURICO JUNIOR,AJU,BSB,2
CLAUDIO CAJADO,BSB,SSA,19
VITOR VALIM,FOR,BSB,1
ARNALDO JORDY,BSB,BSB,1
ANDRÉ AMARAL,BSB,JPA,8
EFRAIM FILHO,BSB,BSB,2
JÚLIO DELGADO,CNF,BSB,9
RENZO BRAZ,BSB,GIG,15
TIRIRICA,PMW,BSB,4
FERNANDO MONTEIRO,BSB,CGH,1
REGINALDO LOPES,CNF,BSB,13
JOSÉ GUIMARÃES,BSB,FOR,8
CAIO NARCIO,UBA,CNF,1
ALUISIO MENDES,BSB,REC,1
PROFESSORA DORINHA SEABRA REZENDE,GYN,PMW,2
SÁGUAS MORAES,CGB,GRU,6
CABUÇU BORGES,MCP,BSB,3
BRUNNY,BSB,GVR,2
RONALDO BENEDET,JJG,CGH,1
HEITOR SCHUCH,BSB,XAP,1
JULIÃO AMIN,BSB,SLZ,2
VALMIR ASSUNÇÃO,SSA,FOR,1
CARLOS ANDRADE,BSB,BVB,10
MAURO LOPES,CNF,BSB,9
PROFESSOR VICTÓRIO GALLI,BSB,BSB,2
GIOVANI CHERINI,CGH,POA,1
RAIMUNDO GOMES DE MATOS,GRU,FOR,1
ZÉ GERALDO,ATM,BEL,9
CELSO MALDANER,FLN,BSB,7
EVANDRO GUSSI,BSB,JTC,1
JOSÉ FOGAÇA,BSB,BSB,2
WELITON PRADO,BSB,GRU,1
HENRIQUE FONTANA,BSB,CXJ,2
LINCOLN PORTELA,BSB,CNF,16
CELSO RUSSOMANNO,MVD,GRU,1
JARBAS VASCONCELOS,REC,CGH,2
ANDRÉ AMARAL,GIG,JPA,1
DIEGO GARCIA,MII,BSB,4
LUCIO MOSQUINI,CGB,JPR,1
SARAIVA FELIPE,CGH,BSB,1
AFONSO FLORENCE,GRU,SSA,1
RUBENS BUENO,CWB,LDB,2
ALBERTO FILHO,BSB,THE,4
JOÃO MARCELO SOUZA,SLZ,BSB,4
MARGARIDA SALOMÃO,BSB,GIG,19
AGUINALDO RIBEIRO,GRU,JPA,1
MARCUS VICENTE,BSB,BSB,7
JOÃO RODRIGUES,BSB,FLN,6
SORAYA SANTOS,BSB,BSB,30
CHRISTIANE DE SOUZA YARED,BSB,BSB,7
MARCUS PESTANA,GIG,BSB,1
JÉSSICA SALES,SJP,BSB,1
RAFAEL MOTTA,BSB,NAT,12
EDUARDO DA FONTE,BSB,CGH,5
EVANDRO ROMAN,BSB,BSB,2
JHC,MCZ,BSB,16
TIA ERON,CNF,SSA,1
ONYX LORENZONI,BSB,BSB,6
ANDRÉ FIGUEIREDO,FOR,BSB,23
DANILO FORTE,GIG,FOR,1
BENEDITA DA SILVA,CGH,SDU,1
ROBERTO BALESTRA,CGH,GYN,2
TONINHO WANDSCHEER,CWB,BSB,23
HISSA ABRAHÃO,MAO,BSB,13
VICENTINHO,CGH,PPB,1
IRAJÁ ABREU,BSB,CGH,1
JAIME MARTINS,BSB,CNF,12
MARCELO ARO,CNF-BSB,7
DIMAS FABIANO,BSB,VCP,1
JOSÉ OTÁVIO GERMANO,BSB,POA,1
GEOVANIA DE SÁ,BSB,BSB,1
BENEDITA DA SILVA,BSB,SDU,19
JOAQUIM PASSARINHO,BEL,BSB,12
DANIEL ALMEIDA,BSB,CGH,1
JOÃO CAMPOS,GRU,GYN,1
RUBENS BUENO,LDB,CWB,1
ODORICO MONTEIRO,BSB,JDO,1
PR. MARCO FELICIANO,BSB,MAB,1
ARTHUR LIRA,MCZ,GRU,1
ERIVELTON SANTANA,BSB,BSB,10
JHC,BSB,SDU,1
JOSÉ GUIMARÃES,NAT,BSB,1
OTAVIO LEITE,GIG,BSB,1
BETO SALAME,BEL,MAB,2
IRAJÁ ABREU,CGH,SDU,1
RONALDO BENEDET,JJG,BSB,4
JORGE CÔRTE REAL,REC,BSB,8
VALMIR ASSUNÇÃO,CNF,BSB,1
ALAN RICK,BSB,BSB,6
BENJAMIN MARANHÃO,BSB,JPA,7
JOSÉ MENTOR,VCP,TJL,1
GABRIEL GUIMARÃES,CNF,MOC,3
HERÁCLITO FORTES,REC,VCP,1
MARCELO ÁLVARO ANTÔNIO,BSB,IZA,1
WILSON FILHO,REC,FOR,1
MARCELO AGUIAR,CGH,BSB,11
EVANDRO GUSSI,PPB,VCP,1
ROBERTO GÓES,BSB,CGH,1
DANILO FORTE,BSB,FOR,6
GENECIAS NORONHA,SSA,BSB,3
VITOR LIPPI,CGH,BSB,3
IZAQUE SILVA,BSB,PPB,5
ADALBERTO CAVALCANTI,PNZ,GRU,1
TAKAYAMA,GRU,BSB,1
FELIPE BORNIER,SSA,GIG,2
IZAQUE SILVA,PPB,BSB,7
VICENTE CANDIDO,BSB,GRU,1
EVANDRO ROMAN,GIG,CWB,1
LUCIO VIEIRA LIMA,SSA,BSB,7
VALADARES FILHO,AJU,BSB,19
JULIÃO AMIN,BSB,BSB,1
SARAIVA FELIPE,CGH,CNF,3
SÉRGIO BRITO,BSB,FOR,2
MARCELO ARO,Cnf-Bsb,4
POLLYANA GAMA,GRU,BSB,11
FÁBIO RAMALHO,BSB,CGH,2
KEIKO OTA,BSB,GRU,11
PEDRO VILELA,MCZ,BSB,26
WALDIR MARANHÃO,BSB,CGH,4
CARLOS MELLES,BSB,RAO,15
LUIZ NISHIMORI,CGH,MGF,5
ULDURICO JUNIOR,BSB,BPS,2
MOSES RODRIGUES,BSB,BSB,5
WALDIR MARANHÃO,BSB,THE,4
LUIZ CARLOS HAULY,LDB,CWB,2
MARIA HELENA,CGH,BSB,1
CÍCERO ALMEIDA,MCZ,BSB,15
JORGE BOEIRA,BSB,BSB,5
CHICO ALENCAR,GIG,REC,1
HISSA ABRAHÃO,SDU,BSB,1
JANDIRA FEGHALI,SDU,CGH,1
JAIR BOLSONARO,BSB,GIG,2
PEDRO PAULO,BSB,BSB,4
ROBERTO SALES,BSB,SDU,15
ULDURICO JUNIOR,BSB,SSA,5
EDUARDO DA FONTE,CGH,BSB,1
RONALDO BENEDET,MAO,BSB,2
JOVAIR ARANTES,FOR,GYN,1
JOSÉ FOGAÇA,BSB,CNF,1
LELO COIMBRA,VIX,BSB,10
ULDURICO JUNIOR,BSB,BRA,1
ERIVELTON SANTANA,BSB,SSA,11
MIGUEL HADDAD,BSB,VCP,8
PAULO TEIXEIRA,BSB,GRU,1
PAULO AZI,SSA,BSB,10
ORLANDO SILVA,BSB,GRU,2
ZECA DIRCEU,CGH,SDU,1
STEFANO AGUIAR,POA,URG,1
HENRIQUE FONTANA,POA,BSB,11
HENRIQUE FONTANA,FLN,BSB,1
JOÃO CARLOS BACELAR,SSA,CGH,1
ULDURICO JUNIOR,BSB,BSB,3
WALNEY ROCHA,BSB,GIG,14
ASSIS DO COUTO,IGU,BSB,2
ELMAR NASCIMENTO,BSB,GRU,1
LUCIANA SANTOS,REC,GRU,2
FABIO GARCIA,BSB,CGB,4
HILDO ROCHA,SLZ,BSB,4
AUREO,BSB,SDU,7
VALADARES FILHO,AJU,SSA,1
FLAVIANO MELO,BSB,SDU,5
LELO COIMBRA,VIX,SSA,1
ADEMIR CAMILO,CNF,MOC,2
ASSIS MELO,CXJ,BSB,2
CARLOS MANATO,VIX,BSB,8
SERGIO ZVEITER,BSB,GIG,2
WALDIR MARANHÃO,CGH,SLZ,1
MARIANA CARVALHO,BSB,BSB,1
MAIA FILHO,CGH,BSB,1
ANDRÉ FUFUCA,BSB,SLZ,12
JORGE TADEU MUDALEN,SSA,GRU,1
EDINHO BEZ,BSB,JJG,1
ANÍBAL GOMES,FOR,BSB,8
RAQUEL MUNIZ,MOC,CNF,4
LUIZ CARLOS HAULY,GRU,CWB,1
RONALDO CARLETTO,BSB,BPS,9
ANTONIO BRITO,SSA,IOS,2
IRACEMA PORTELLA,BSB,CGH,2
IRACEMA PORTELLA,CGH,THE,2
FABIO REIS,BSB,AJU,22
MAIA FILHO,GIG,THE,2
MARA GABRILLI,BSB,BSB,3
ALBERTO FILHO,BSB,BSB,3
JOSÉ CARLOS ALELUIA,SSA,BSB,11
SARAIVA FELIPE,MOC,CNF,1
RONALDO MARTINS,BSB,BSB,4
ANDRÉ FUFUCA,GIG,SLZ,1
RONALDO CARLETTO,BSB,SSA,2
GONZAGA PATRIOTA,PNZ,REC,1
MARINALDO ROSENDO,BEL,GRU,3
SUBTENENTE GONZAGA,BSB,BSB,6
WALDENOR PEREIRA,VDC-SSA,1
AUREO,GIG,BSB,16
WEVERTON ROCHA,SLZ,BSB,12
BENITO GAMA,SSA,REC,1
LIDERANÇA DO PSDB,BSB-SSA,1
ZECA DIRCEU,BSB,BSB,6
DULCE MIRANDA,PMW,BSB,13
PAULO MAGALHÃES,SSA,PNZ,1
MIRO TEIXEIRA,BSB,BSB,13
LEONARDO QUINTÃO,CNF,BSB,10
TENENTE LÚCIO,CNF,UDI,2
BEBETO,BSB,SSA,5
PAULO TEIXEIRA,SLZ,CGH,1
MAIA FILHO,BSB,THE,1
VICENTE CANDIDO,BSB,GIG,1
ROGÉRIO PENINHA MENDONÇA,BSB,FLN,18
WLADIMIR COSTA,GRU,BEL,1
ZECA DIRCEU,CWB,MGF,11
EVANDRO ROMAN,BSB,CAC,1
LAUDIVIO CARVALHO,CNF,BSB,2
MISSIONÁRIO JOSÉ OLIMPIO,RAO,BSB,1
JORGE SOLLA,SSA,GIG,1
WELLINGTON ROBERTO,JPA,BSB,14
DIMAS FABIANO,CNF,BSB,1
CHICO LOPES,BSB,BSB,5
JORGE TADEU MUDALEN,BVB,SDU,1
JOÃO PAULO PAPA,BSB,CGH,10
NELSON PADOVANI,CAC,BSB,3
DARCÍSIO PERONDI,PFB,BSB,1
AROLDE DE OLIVEIRA,BSB,BSB,2
TENENTE LÚCIO,UDI,CNF,2
MARCELO MATOS,SDU,BSB,1
ROBERTO SALES,gig,bsb,1
DR. SINVAL MALHEIROS,BSB,CGH,2
SARAIVA FELIPE,BSB,CNF,4
DELEY,BSB,SDU,5
EDUARDO DA FONTE,BSB,BSB,11
SÉRGIO BRITO,BRA,BSB,1
EVANDRO GUSSI,BSB,ARU,2
CAJAR NARDES,POA,BSB,8
TIRIRICA,FOR,BSB,9
ADÉRMIS MARINI,BSB,RAO,18
WADIH DAMOUS,BSB,BSB,8
VITOR VALIM,BSB,FOR,9
JARBAS VASCONCELOS,REC,BSB,9
HERCULANO PASSOS,BSB,CNF,1
ESPERIDIÃO AMIN,BSB,BSB,4
NILSON LEITÃO,OPS,CGB,8
SÉRGIO BRITO,SSA,GRU,3
MANDETTA,BSB,SDU,6
WELLINGTON ROBERTO,BSB,REC,2
FÁBIO RAMALHO,CGH,BSB,1
WALDIR MARANHÃO,CGH,BSB,4
AFONSO FLORENCE,IOS,SSA,1
PAES LANDIM,BSB,BSB,6
CLEBER VERDE,BSB,SLZ,1
MOSES RODRIGUES,GIG,BSB,1
SÉRGIO BRITO,BRA,SSA,1
RENATO ANDRADE,BSB,BSB,1
ELMAR NASCIMENTO,PNZ,SSA,1
OTAVIO LEITE,BSB,BSB,3
JÉSSICA SALES,BSB,GIG,1
MARCOS ABRÃO,GYN,BSB,1
NELSON PELLEGRINO,BSB,CGH,1
RONALDO CARLETTO,BSB,BSB,7
RAQUEL MUNIZ,BSB,CNF,5
JOSÉ GUIMARÃES,FOR,BSB,12
ZECA CAVALCANTI,BSB,BSB,4
AFONSO HAMM,POA,BSB,8
SERGIO SOUZA,BSB,IGU,1
ZECA DIRCEU,MGF,CWB,5
RENATO ANDRADE,BSB-BHZ,1
RENATO MOLLING,BSB,POA,15
CAETANO,BSB,BSB,8
BEBETO,SSA,BSB,8
CAETANO,CGH,SSA,2
JORGE SOLLA,VDC,SSA,1
BENEDITA DA SILVA,JPA,GIG,1
PEDRO PAULO,BSB,GIG,2
CELSO JACOB,BSB,SDU,15
GEOVANIA DE SÁ,BSB,FLN,1
ORLANDO SILVA,SDU,CGH,1
LUIZ COUTO,BSB,CNF,1
NILTO TATTO,FOR,CGH,2
SILVIO COSTA,CGH,REC,2
FÁBIO RAMALHO,CNF,CGH,1
ALEX CANZIANI,CWB,BSB,1
MANDETTA,BSB,BSB,10
CÍCERO ALMEIDA,BSB,MCZ,10
LUIZA ERUNDINA,REC,BSB,1
DIMAS FABIANO,BSB,CNF,2
LUIS CARLOS HEINZE,BSB,POA,2
SILVIO COSTA,BSB,REC,13
SIMÃO SESSIM,BSB,GIG,1
JOÃO PAULO PAPA,BSB,BSB,2
RUBENS PEREIRA JÚNIOR,BSB,FOR,1
JOÃO PAULO PAPA,CGH,BSB,10
NELSON MARQUEZELLI,BSB,VCP,7
YEDA CRUSIUS,SDU,POA,1
ALEX CANZIANI,BSB,CGH,1
JAIME MARTINS,VCP,BSB,1
PAULO ABI-ACKEL,BSB,CGH,2
MARCOS SOARES,BSB,GIG,13
PAES LANDIM,GRU,PHB,1
LOURIVAL GOMES,BSB,BSB,2
HENRIQUE FONTANA,POA,CGH,3
ALICE PORTUGAL,SSA,CGH,1
BETO MANSUR,CGH,SDU,1
CAETANO,BSB,BRA,2
ANDRÉ FUFUCA,BSB,BSB,11
HEITOR SCHUCH,BSB,POA,4
PEPE VARGAS,CGH,CXJ,1
EROS BIONDINI,BSB,MCZ,2
MARCOS MONTES,BSB,CGH,1
CAETANO,BSB,SSA,12
GIOVANI CHERINI,BSB-POA,2
PATRUS ANANIAS,BSB,FOR,1
LAERCIO OLIVEIRA,BSB,AJU,8
DANILO FORTE,BSB,BSB,9
LUCIO MOSQUINI,BSB,PVH,5
RICARDO IZAR,BSB,RAO,1
ELCIONE BARBALHO,BEL,BSB,13
ARTHUR LIRA,BSB,MCZ,34
MOISÉS DINIZ,BSB,CGH,3
ZÉ AUGUSTO NALIN,BSB,REC,1
ESPERIDIÃO AMIN,FLN,XAP,2
HUGO LEAL,BSB,BSB,4
MARINALDO ROSENDO,REC,BEL,2
EVAIR VIEIRA DE MELO,CNF,BSB,1
PROFESSOR VICTÓRIO GALLI,SMT,CGB,1
LEONARDO MONTEIRO,CNF,BSB,11
LEOPOLDO MEYER,BSB,PMW,1
LUIZ LAURO FILHO,BSB,VCP,10
PEDRO VILELA,BSB,BSB,12
BEBETO,IOS-BSB,1
CAETANO,IOS,SSA,1
BEBETO,BSB-SSA,6
LAURA CARNEIRO,BSB,SDU,17
EVANDRO GUSSI,PPB,BSB,3
MÁRIO NEGROMONTE JR.,SSA,BSB,6
YEDA CRUSIUS,POA,BSB,5
BETO SALAME,BSB,MAB,10
SARAIVA FELIPE,SDU,CNF,1
ODORICO MONTEIRO,LIS,BCN,1
ASSIS DO COUTO,BSB,IGU,5
MARCO TEBALDI,BSB,BSB,7
ANTÔNIO JÁCOME,BSB,CGH,2
NELSON MEURER,CWB,BSB,10
JUNIOR MARRECA,SLZ,GRU,1
WELLINGTON ROBERTO,GIG,BSB,1
SÁGUAS MORAES,CGB,BSB,6
EDUARDO BARBOSA,BSB,VDC,1
FLAVINHO,GRU,BSB,8
JARBAS VASCONCELOS,BSB,REC,21
VANDER LOUBET,cgr,bsb,3
BEBETO,IOS-SSA,1
JOSÉ AIRTON CIRILO,FOR,BSB,11
LUIZ CARLOS HAULY,CWB,LDB,3
JOSÉ FOGAÇA,POA,BSB,10
SIMÃO SESSIM,SDU,BSB,10
JOSÉ NUNES,SSA,BSB,26
ZECA DO PT,BSB,CGR,23
VALMIR PRASCIDELLI,BSB,CGH,11
JÉSSICA SALES,BSB,BSB,3
ODORICO MONTEIRO,VCP,FOR,1
TADEU ALENCAR,REC,JDO,2
LINCOLN PORTELA,MOC,CNF,1
DELEGADO FRANCISCHINI,MGF,BSB,1
NELSON PADOVANI,BSB,IGU,2
HERÁCLITO FORTES,BSB,CGH,2
LUCIANA SANTOS,GRU,REC,3
PAULO ABI-ACKEL,CGH,CNF,3
ALCEU MOREIRA,BSB,POA,8
JORGE SOLLA,BSB,SSA,7
DR. SINVAL MALHEIROS,SJP,BSB,2
VICENTINHO,PPB,VCP,1
ROBINSON ALMEIDA,SSA,IOS,1
POLLYANA GAMA,BSB,GRU,9
GUILHERME COELHO,PNZ,BSB,10
PAULO MAGALHÃES,SSA,IOS,1
JORGE TADEU MUDALEN,FOR,CGH,1
BETO SALAME,MAB,BEL,8
MARIANA CARVALHO,pvh-bsb,1
SORAYA SANTOS,SDU,BSB,28
MIGUEL LOMBARDI,BSB,SDU,1
LUIZ CARLOS HAULY,CWB,CGH,1
CHICO ALENCAR,SDU,BSB,12
DÉCIO LIMA,CGH,BSB,1
ERIVELTON SANTANA,BSB,VDC,1
VICTOR MENDES,SLZ,BSB,8
FRANKLIN,CGH,CNF,1
CELSO RUSSOMANNO,BSB,CGH,14
JEFFERSON CAMPOS,BSB,VCP,9
PEDRO UCZAI,XAP,FLN,9
GENECIAS NORONHA,FOR,BSB,7
COVATTI FILHO,POA,BSB,8
DULCE MIRANDA,BSB,PMW,4
GENECIAS NORONHA,FOR,SSA,1
LUIZA ERUNDINA,BSB,JPA,1
LEO DE BRITO,CZS,RBR,1
RONALDO CARLETTO,CNF,BPS,1
MAURO LOPES,SDU,CNF,1
MARINALDO ROSENDO,CGH,REC,6
CAJAR NARDES,BSB,BSB,1
HENRIQUE FONTANA,RIA,BSB,1
JHC,GYN,PMW,1
ALEXANDRE VALLE,BSB,SDU,2
EZEQUIEL TEIXEIRA,BSB,GIG,23
VALMIR ASSUNÇÃO,SSA,GRU,1
DANIEL COELHO,BSB,REC,15
DANIEL ALMEIDA,SSA,PNZ,1
EDUARDO BOLSONARO,BSB,SDU,1
WALDIR MARANHÃO,IMP,SLZ,2
RONALDO BENEDET,BSB,VCP,1
EDUARDO CURY,MAD,GRU,1
AROLDE DE OLIVEIRA,BSB,SDU,10
BALEIA ROSSI,RAO,CGH,1
HÉLIO LEITE,BSB,BEL,10
HÉLIO LEITE,BEL,GRU,2
REINHOLD STEPHANES,BSB,BSB,1
BETO ROSADO,BSB,MCZ,1
MÁRCIO MARINHO,BSB,CNF,1
SILAS CÂMARA,SDU,BSB,1
HIRAN GONÇALVES,BSB,BVB,1
ROSINHA DA ADEFAL,BSB,BSB,8
DAVIDSON MAGALHÃES,BPS,SSA,4
DULCE MIRANDA,FOR,BSB,1
JOSÉ GUIMARÃES,BSB,CGH,8
VALTENIR PEREIRA,BSB,CGB,10
FRANKLIN,CNF,GRU,3
PAULO FEIJÓ,BSB,SDU,21
PEDRO PAULO,SDU,BSB,9
TIRIRICA,BSB,FOR,5
JOÃO DANIEL,AJU,CGH,1
MAIA FILHO,THE,BSB,2
JAIME MARTINS,CNF,VCP,1
FÁBIO MITIDIERI,BSB,SSA,2
MAJOR OLIMPIO,BSB,SJP,1
HIRAN GONÇALVES,BSB,BSB,1
PROFESSOR VICTÓRIO GALLI,GRU,CGB,1
VALMIR ASSUNÇÃO,BPS,SSA,2
JUNIOR MARRECA,SLZ,GIG,2
WILSON FILHO,JDO,BSB,1
RICARDO TRIPOLI,BSB,CGH,16
VANDER LOUBET,REC,BSB,1
CABO SABINO,JDO,BSB,1
ELIZIANE GAMA,SLZ,IMP,1
GONZAGA PATRIOTA,JDO,BSB,2
LUIZ CARLOS HAULY,BSB,CWB,1
BENITO GAMA,CGH,SSA,1
TAKAYAMA,GRU,CWB,1
IRAJÁ ABREU,GRU,BSB,1
BETINHO GOMES,BSB,BSB,1
EDMILSON RODRIGUES,BSB,BEL,12
ALESSANDRO MOLON,SDU,CGH,1
JUNIOR MARRECA,GIG,SLZ,1
BENITO GAMA,BSB,SSA,9
CARLOS MANATO,FOR,BSB,1
SUBTENENTE GONZAGA,BSB,CNF,11
BETO MANSUR,CGH,BSB,10
JOSÉ OTÁVIO GERMANO,BSB,BSB,3
YEDA CRUSIUS,POA,CGH,1
ALICE PORTUGAL,SSA,BSB,13
BENITO GAMA,BSB,BSB,2
MARINHA RAUPP,BSB,CGB,4
MARCUS VICENTE,VIX,BSB,5
ALEX CANZIANI,CWB,SDU,1
MARCO ANTÔNIO CABRAL,SDU,BSB,44
JAIR BOLSONARO,BSB,SDU,6
ALEX CANZIANI,BSB,BSB,19
TIRIRICA,BSB,FLN,4
ROBERTO DE LUCENA,BSB,NAT,1
JÉSSICA SALES,BSB,SJP,2
MARCOS MONTES,CGH,BSB,1
CARLOS GOMES,GIG,BSB,1
ALFREDO KAEFER,BSB,IGU,3
PEPE VARGAS,BSB,CNF,2
JERÔNIMO GOERGEN,BSB,BSB,4
ROCHA LOURES,CWB,BSB,2
MARCO TEBALDI,CWB,BSB,13
NELSON MEURER,BSB,BSB,12
MÁRCIO MARINHO,BSB,SSA,17
LUIZ SÉRGIO,BSB,CGH,2
ARNALDO FARIA DE SÁ,BSB,CGH,11
PAES LANDIM,THE,REC,1
HERCULANO PASSOS,VCP,BSB,5
FLAVIANO MELO,BSB,GRU,1
LINDOMAR GARÇON,PVH,BSB,2
LUIZ CARLOS HAULY,LDB,BSB,1
RENZO BRAZ,GIG,BSB,4
JOSÉ CARLOS ALELUIA,GIG,BSB,1
NELSON PELLEGRINO,SSA,IOS,3
PASTOR EURICO,BSB,BSB,1
ANDRÉ DE PAULA,BSB,REC,14
JOSÉ PRIANTE,BEL,BSB,4
RAIMUNDO GOMES DE MATOS,FOR,GRU,1
VENEZIANO VITAL DO RÊGO,BSB,JPA,14
ALEX CANZIANI,CGH,LDB,2
EFRAIM FILHO,GIG,JPA,2
CAIO NARCIO,BSB,SJP,1
CARLOS HENRIQUE GAGUIM,GRU,BSB,1
ÁTILA LINS,BSB,BSB,4
FÁBIO MITIDIERI,BSB,CGH,1
ROCHA LOURES,BSB,CGH,1
EDUARDO BOLSONARO,POA-BSB,1
HISSA ABRAHÃO,BSB,SDU,1
MÁRCIO MARINHO,BSB,BSB,3
JHC,BSB,REC,1
VALMIR ASSUNÇÃO,GRU,SSA,1
SERGIO ZVEITER,BSB,SDU,22
JOSÉ MENTOR,CNF,CGH,1
PASTOR EURICO,REC,BSB,4
THIAGO PEIXOTO,GYN,BSB,2
WALDIR MARANHÃO,IMP,BSB,1
LAURA CARNEIRO,BSB,BSB,2
ANTONIO CARLOS MENDES THAME,BSB,RAO,1
DULCE MIRANDA,CGH,GYN,1
SERGIO SOUZA,bsb,cwb,1
MIGUEL LOMBARDI,CNF,VCP,1
ADAIL CARNEIRO,FOR,BSB,7
CELSO RUSSOMANNO,CGH,BSB,16
PAULÃO,BSB,BSB,7
PEDRO CHAVES,GYN,SDU,1
ARTHUR OLIVEIRA MAIA,BSB,VCP,1
LOURIVAL GOMES,BSB,SDU,8
PR. MARCO FELICIANO,BSB,GRU,1
ARNALDO JORDY,MCP,BEL,1
TADEU ALENCAR,BSB,JDO,1
RONALDO CARLETTO,SSA,BPS,1
MAJOR OLIMPIO,CGH,BSB,4
ANDRÉ FIGUEIREDO,BSB,JDO,1
VICENTINHO,JPA,VCP,1
JOÃO RODRIGUES,FLN,XAP,9
RENATO ANDRADE,CNF,BSB,1
GUILHERME COELHO,REC,BSB,2
SORAYA SANTOS,GIG,BSB,1
CELSO RUSSOMANNO,BSB,BSB,7
PAUDERNEY AVELINO,NAT,BSB,2
DAMIÃO FELICIANO,JPA,BSB,6
LÚCIO VALE,BEL,BSB,10
VALMIR PRASCIDELLI,CGH,BSB,15
PEDRO CUNHA LIMA,JPA,BSB,9
DAMIÃO FELICIANO,BSB,GRU,1
DANIEL ALMEIDA,GRU,BSB,1
PAULO ABI-ACKEL,BSB,BSB,6
SHÉRIDAN,BSB,MAO,1
WALTER ALVES,JPA,BSB,1
WELLINGTON ROBERTO,SDU,BSB,1
STEFANO AGUIAR,CNF,BSB,8
OSMAR SERRAGLIO,BSB,LDB,1
CARLOS MANATO,GRU,VIX,1
CÉSAR MESSIAS,CZS,RBR,3
CHICO D'ANGELO,SDU,BSB,13
JORGE SOLLA,BSB,BSB,2
LOBBE NETO,BSB,VCP,5
CESAR SOUZA,NVT,BSB,1
ALEXANDRE SERFIOTIS,BSB,SDU,3
MARINHA RAUPP,CGB,OAL,2
NELSON MEURER,CGH,BSB,1
NELSON PADOVANI,IGU,CWB,2
ADELMO CARNEIRO LEÃO,UBA,CNF,3
HENRIQUE FONTANA,FLN,POA,1
JOSUÉ BENGTSON,BSB,BSB,4
WEVERTON ROCHA,SLZ,THE,2
MARINALDO ROSENDO,REC,BSB,30
RONALDO CARLETTO,SSA,BSB,14
CARLOS BEZERRA,CGB,ROO,1
GENECIAS NORONHA,FOR,BEL,1
DARCÍSIO PERONDI,POA,BSB,6
DELEGADO ÉDER MAURO,BEL,BSB,6
VICENTINHO,CGH,BSB,7
CONCEIÇÃO SAMPAIO,BSB,MAO,2
PASTOR LUCIANO BRAGA,BSB,SSA,10
JOSÉ FOGAÇA,GRU,BSB,1
ALEXANDRE VALLE,BSB,BSB,4
PEPE VARGAS,POA,BSB,7
ARNALDO JORDY,BSB,BEL,6
ADELSON BARRETO,BSB,BSB,1
BALEIA ROSSI,RAO,BSB,24
HUGO MOTTA,JPA,GRU,1
WEVERTON ROCHA,BSB,CGH,1
MOISÉS DINIZ,BSB,BSB,4
DANIEL ALMEIDA,SSA,GRU,2
SÁGUAS MORAES,BSB,GIG,1
REMÍDIO MONAI,MAO,BSB,2
DULCE MIRANDA,CGH,PMW,1
JÚLIO DELGADO,BSB,BSB,7
FLAVIANO MELO,RBR,BSB,10
JORGE SOLLA,CGH,SSA,1
ROBERTO SALES,BSB,GIG,2
KEIKO OTA,GRU,BSB,10
TADEU ALENCAR,BSB,REC,9
JÚLIA MARINHO,STM,BEL,1
FELIPE MAIA,FOR,NAT,1
JORGE BOEIRA,JJG,BSB,6
LUIZ CARLOS HAULY,CGH,CWB,2
NORMA AYUB,VIX,BSB,9
LEONARDO MONTEIRO,MOC,GVR,1
NELSON NAHIM,BSB,SDU,1
FELIPE CARRERAS,CGH,BSB,1
NILTON CAPIXABA,BSB,PVH,1
DEJORGE PATRÍCIO,BSB,SDU,11
CAJAR NARDES,BSB,SDU,4
MARCOS REATEGUI,BSB,BSB,2
AFONSO HAMM,PET,POA,4
VALMIR PRASCIDELLI,BSB,BSB,3
MILTON MONTI,BSB,CGH,5
WALDIR MARANHÃO,GRU,SLZ,1
RAIMUNDO GOMES DE MATOS,BSB,NAT,1
ANDRÉ FUFUCA,SLZ,THE,1
VALADARES FILHO,BSB,SSA,1
VICENTE CANDIDO,GRU,BSB,1
JOSÉ CARLOS ARAÚJO,SSA,BSB,2
GIOVANI CHERINI,POA,CGH,1
EZEQUIEL FONSECA,CGB,BSB,14
MANDETTA,BSB,CGR,17
BRUNNY,IPN,BSB,1
RONALDO BENEDET,BSB,MAO,2
GUILHERME COELHO,GRU,PNZ,1
DR. SINVAL MALHEIROS,GRU,BSB,2
VAIDON OLIVEIRA,BSB,FOR,7
ARTHUR VIRGÍLIO BISNETO,SDU,BSB,1
GUILHERME COELHO,BSB,REC,1
GIVALDO CARIMBÃO,GIG,BSB,1
OSMAR BERTOLDI,CGR,CWB,1
SERGIO SOUZA,IGU,CWB,2
FÁBIO MITIDIERI,CGH,BSB,1
DÉCIO LIMA,BSB,BSB,4
MILTON MONTI,CGH,BSB,6
ELIZEU DIONIZIO,CGR-BSB,8
REINHOLD STEPHANES,CWB,BSB,4
FRANKLIN,BSB,CNF,7
MARCOS SOARES,GIG,BSB,12
MARCOS SOARES,SDU,BSB,2
PAES LANDIM,PNZ,SSA,1
CHICO LOPES,BSB,JDO,1
ROGÉRIO PENINHA MENDONÇA,CGH,BSB,1
PAULO FEIJÓ,BSB,BSB,1
TONINHO PINHEIRO,BSB,CNF,12
JOÃO PAULO PAPA,BSB,SDU,1
ORLANDO SILVA,VCP,SDU,1
EZEQUIEL TEIXEIRA,GIG,BSB,14
EDMILSON RODRIGUES,BSB,BSB,9
MARINALDO ROSENDO,BSB,REC,45
BETO SALAME,MAB,BSB,12
NILTO TATTO,PPB,CGH,1
JORGE BOEIRA,BSB,GRU,1
GUILHERME COELHO,THE,REC,1
JOÃO FERNANDO COUTINHO,REC,PNZ,1
CARLOS SAMPAIO,SDU,BSB,1
AFONSO FLORENCE,BSB,PNZ,2
DIEGO ANDRADE,BSB,CNF,21
EDMILSON RODRIGUES,REC,BSB,1
LUIZ COUTO,BSB,SLZ,1
ELMAR NASCIMENTO,SSA,PNZ,1
LELO COIMBRA,SSA,BSB,1
GLAUBER BRAGA,BSB,SDU,7
ZECA DIRCEU,BSB,IGU,1
EDINHO BEZ,BSB,POA,1
LUIZ SÉRGIO,BSB,BSB,8
DANRLEI DE DEUS HINTERHOLZ,BSB,PMW,1
ALEX CANZIANI,BSB,SDU,2
PEDRO CHAVES,GIG,GYN,1
ALAN RICK,BSB,RBR,9
PAULO HENRIQUE LUSTOSA,FOR,BSB,5
JOSUÉ BENGTSON,BSB,BEL,4
OTAVIO LEITE,SDU,BSB,3
SARAIVA FELIPE,CNF,BSB,12
ARLINDO CHINAGLIA,CGH,SSA,1
VICENTINHO,BSB,CGH,9
FAUSTO PINATO,SJP,CGH,3
ULDURICO JUNIOR,BSB,REC,1
ARLINDO CHINAGLIA,CGH,BSB,11
MARCO MAIA,POA,BSB,8
PROFESSOR VICTÓRIO GALLI,CGB,GRU,1
ANDRÉ FUFUCA,THE,SLZ,2
ROSANGELA GOMES,CNF,GIG,1
LUIZA ERUNDINA,CGH,BSB,3
HISSA ABRAHÃO,BSB,BSB,10
ALESSANDRO MOLON,SDU,BSB,15
JORGE BOEIRA,GRU,POA,1
SUBTENENTE GONZAGA,VIX,CNF,1
JULIO LOPES,BSB,SDU,28
DANRLEI DE DEUS HINTERHOLZ,BSB,POA,7
LUIZ CLÁUDIO,BSB,PVH,3
MÁRIO HERINGER,SDU,CNF,6
LEANDRE,CWB,BSB,17
JEFFERSON CAMPOS,GRU,BSB,1
LUCIANO DUCCI,BSB,BSB,2
MARIA DO ROSÁRIO,BSB,SSA,1
ROBERTO DE LUCENA,BSB,VCP,2
JÚLIO DELGADO,BSB,CNF,8
HUGO MOTTA,GRU,BSB,1
ROSINHA DA ADEFAL,THE,MCZ,1
CARLOS MANATO,BSB,FOR,1
VALTENIR PEREIRA,BSB,BSB,8
CARLOS MARUN,CGH,BSB,1
RODRIGO MARTINS,THE,BSB,11
LEÔNIDAS CRISTINO,BSB,FOR,4
RENZO BRAZ,CNF,BSB,1
CÉSAR HALUM,PMW,BSB,2
MOISÉS DINIZ,GRU,BSB,1
MARCELO ARO,BSB-CNF,7
ASSIS CARVALHO,BSB,GRU,1
MARCO TEBALDI,BSB,CWB,13
WILSON FILHO,JPA,GRU,2
DANIEL COELHO,REC,BSB,13
LUIS TIBÉ,BSB,BSB,4
PAULO PIMENTA,BSB,POA,4
VALDIR COLATTO,BSB,BSB,1
BILAC PINTO,BSB,VCP,1
MARCELO ÁLVARO ANTÔNIO,MOC,CNF,1
MISAEL VARELLA,BSB,CNF,13
DAMIÃO FELICIANO,FOR,REC,1
ANDRÉ FUFUCA,THE,BSB,1
ÁTILA LINS,BSB,CGH,3
MARIA DO ROSÁRIO,BSB,BSB,3
ROGÉRIO MARINHO,BSB,CGH,1
CELSO MALDANER,BSB,XAP,13
CRISTIANE BRASIL,BSB,GIG,15
HENRIQUE FONTANA,XAP,POA,1
ANTONIO CARLOS MENDES THAME,CGH,BSB,4
SÉRGIO REIS,BSB,BSB,1
CARLOS MARUN,POA,CGR,1
DARCÍSIO PERONDI,CGH,BSB,1
AFONSO MOTTA,POA,BSB,1
EDUARDO BARBOSA,MOC,CNF,1
ANTONIO CARLOS MENDES THAME,VCP,BSB,10
VENEZIANO VITAL DO RÊGO,BSB,BSB,1
BENITO GAMA,VDC,SSA,1
VALDIR COLATTO,GRU,RAO,1
WALTER IHOSHI,CGH,CWB,1
ULDURICO JUNIOR,BSB,IOS,3
ALFREDO KAEFER,CWB,IGU,1
HIRAN GONÇALVES,BVB,BSB,4
LOBBE NETO,BSB,CNF,1
TENENTE LÚCIO,CNF,BSB,1
GABRIEL GUIMARÃES,CNF,CGH,1
NILSON PINTO,BSB,MAO,1
JERÔNIMO GOERGEN,POA,BSB,6
HERÁCLITO FORTES,THE,CGH,2
TEREZA CRISTINA,CGR,CGH,2
MARCELO MATOS,BSB,SDU,2
JONES MARTINS,BSB,POA,3
ALEXANDRE SERFIOTIS,BSB,BSB,1
DAVIDSON MAGALHÃES,SSA,GRU,1
REMÍDIO MONAI,BSB,BVB,14
MAURO PEREIRA,BSB,POA,5
EVANDRO GUSSI,PPB,CGH,1
VANDER LOUBET,BSB,REC,1
POMPEO DE MATTOS,BSB,POA,19
WILSON BESERRA,GIG,BSB,6
ALFREDO KAEFER,CAC,GRU,1
MARCOS REATEGUI,MCP,BSB,3
CARLOS BEZERRA,BSB,GRU,1
PAULÃO,BSB,MCZ,16
SHÉRIDAN,BVB,MAO,1
DIEGO GARCIA,LDB,BSB,1
ANA PERUGINI,BSB,VCP,5
EDMILSON RODRIGUES,STM,BEL,1
ULDURICO JUNIOR,BSB,AJU,2
ZÉ SILVA,CNF,MOC,1
ARLINDO CHINAGLIA,CGH,SJP,1
OSMAR SERRAGLIO,BSB,MGF,1
MOEMA GRAMACHO,BSB,BSB,1
GIVALDO CARIMBÃO,MCZ,BSB,10
JOÃO CARLOS BACELAR,CGH,BSB,5
JOSÉ PRIANTE,BSB,CGH,1
ALEX MANENTE,BSB,GRU,1
JOZI ARAÚJO,MCP,BSB,3
RODRIGO DE CASTRO,BSB,BSB,1
TADEU ALENCAR,REC,BSB,14
VINICIUS GURGEL,BSB,MCP,4
MOISÉS DINIZ,CGH,BSB,2
DIEGO GARCIA,BSB,MGF,1
GIOVANI CHERINI,POA,BSB,2
JÚLIA MARINHO,BSB,MAB,2
FÉLIX MENDONÇA JÚNIOR,SSA,BSB,10
ENIO VERRI,MGF,CWB,1
ROSINHA DA ADEFAL,BSB,CNF,1
GEORGE HILTON,BSB,VCP,1
PR. MARCO FELICIANO,RAO,BSB,54
BALEIA ROSSI,RAO,SDU,1
VICTOR MENDES,BSB,BSB,2
REINHOLD STEPHANES,BSB,CWB,4
BEBETO,BSB,IOS,1
BETO SALAME,STM,BEL,1
JOZI ARAÚJO,BSB,MCP,8
LAERCIO OLIVEIRA,BSB,SDU,1
LINDOMAR GARÇON,PVH,CNF,1
GIACOBO,CWB,POA,1
PEPE VARGAS,BSB,BSB,3
BALEIA ROSSI,BSB,RAO,29
ELIZIANE GAMA,SLZ,SDU,1
FABIO REIS,AJU,BSB,18
ROBERTO BRITTO,AJU,BSB,6
SÉRGIO BRITO,SSA,VDC,2
CARLOS MELLES,PLU,RAO,4
FERNANDO MONTEIRO,BSB,REC,8
ALEX CANZIANI,CWB,LDB,2
MISSIONÁRIO JOSÉ OLIMPIO,BSB,BSB,1
WALDENOR PEREIRA,BSB,VDC,6
FRANKLIN,CGH,BSB,1
WLADIMIR COSTA,BEL,BSB,8
MIGUEL HADDAD,BSB,BSB,3
MILTON MONTI,BSB,BSB,3
JAIR BOLSONARO,BSB-CGH,1
WLADIMIR COSTA,BEL,STM,4
LUCIANA SANTOS,BEL,REC,1
RONALDO BENEDET,FLN,GIG,2
LUIZ COUTO,BSB,JPA,19
BACELAR,BSB,BSB,4
WILSON FILHO,JPA,GIG,1
JOSÉ PRIANTE,BEL,CGH,1
ORLANDO SILVA,VCP,BSB,1
AUGUSTO COUTINHO,GIG,REC,1
CACÁ LEÃO,SSA,BSB,13
LUIZ CARLOS HAULY,BSB,BSB,8
WALTER ALVES,NAT,BSB,15
LOBBE NETO,BSB,CGH,2
MARIA DO ROSÁRIO,POA,BSB,7
ARLINDO CHINAGLIA,BSB,BSB,17
CARLOS MARUN,BSB,CGR,6
MARCOS MONTES,VCP,UBA,1
EDUARDO DA FONTE,BSB,REC,23
GUILHERME COELHO,BSB,JDO,1
JOÃO DERLY,BSB,MAO,2
JOSÉ MENTOR,BSB,GRU,2
JUSCELINO FILHO,SSA,REC,1
ALESSANDRO MOLON,BSB,GIG,1
RENZO BRAZ,BSB,VIX,2
ÁTILA LINS,CGH,BSB,2
EDMILSON RODRIGUES,SLZ,BEL,1
JOZI ARAÚJO,BEL,BSB,1
MARIANA CARVALHO,BSB,PVH,4
DARCÍSIO PERONDI,BSB,CGH,1
GORETE PEREIRA,BSB,BSB,11
ANDRÉ FUFUCA,REC,SLZ,1
PASTOR EURICO,BSB,REC,7
MARINHA RAUPP,BSB,BSB,7
BACELAR,BSB,SSA,7
JOÃO CARLOS BACELAR,BSB,CGH,2
GOULART,BSB,CGH,17
JARBAS VASCONCELOS,CGH,BSB,2
SILVIO COSTA,REC,BSB,10
ADEMIR CAMILO,CNF,BSB,15
GUILHERME COELHO,BSB,BSB,1
LUIZ SÉRGIO,BSB,SDU,31
SEVERINO NINHO,BSB,MCZ,1
BRUNNY,GVR,BSB,2
NILSON LEITÃO,CGB,VCP,1
VICTOR MENDES,BSB,SLZ,6
ADALBERTO CAVALCANTI,PNZ,REC,2
RODRIGO PACHECO,CNF,BSB,6
TONINHO PINHEIRO,BSB,BSB,8
CHICO LOPES,JDO,FOR,1
NELSON MEURER,CWB,CGH,1
ADELSON BARRETO,AJU,BSB,34
DÂMINA PEREIRA,CNF,BSB,8
NILSON PINTO,BEL,STM,2
FAUSTO PINATO,BSB,CGH,5
WOLNEY QUEIROZ,NAT,BSB,1
PAUDERNEY AVELINO,MAO,BSB,10
BEBETO,BSB-CGH,1
FERNANDO MONTEIRO,JPA,BSB,1
LIDERANÇA DO PSDB,bsb,ssa,1
NILSON PINTO,BEL,BSB,2
AELTON FREITAS,CNF,UBA,2
GILBERTO NASCIMENTO,CGH,BSB,8
CABUÇU BORGES,GIG,BSB,1
EROS BIONDINI,GRU,CNF,3
ALBERTO FILHO,THE,BSB,1
LAUDIVIO CARVALHO,CNF,MOC,1
ALEX CANZIANI,VCP,LDB,1
VICENTINHO,BSB,BSB,1
FRANKLIN,IPN,CNF,1
SARAIVA FELIPE,VCP,CNF,1
FÁBIO RAMALHO,CNF,BSB,20
SUBTENENTE GONZAGA,BSB,MCZ,2
RICARDO IZAR,VCP,BSB,3
CARLOS ZARATTINI,BSB,BSB,2
OTAVIO LEITE,SDU,CGH,1
ANDRE MOURA,AJU,BSB,33
ULDURICO JUNIOR,REC,BSB,1
CARLOS BEZERRA,CGB,BSB,12
GIVALDO CARIMBÃO,BSB,GIG,1
PAULO FREIRE,BSB,VCP,10
ZENAIDE MAIA,NAT,BSB,24
KAIO MANIÇOBA,BSB,REC,14
IRACEMA PORTELLA,THE,GRU,1
PROFESSOR VICTÓRIO GALLI,CGB,OPS,1
JONY MARCOS,CGR,AJU,2
ANDRES SANCHEZ,GRU,BSB,10
MARCELO ÁLVARO ANTÔNIO,BSB,CNF,21
JHC,SDU,BSB,3
MARINHA RAUPP,PVH,BSB,5
ZÉ SILVA,CNF,UDI,1
ROSINHA DA ADEFAL,POA,BSB,1
JANDIRA FEGHALI,GIG,POA,1
JARBAS VASCONCELOS,BSB,BSB,6
MARCELO MATOS,BSB,BSB,8
JOSÉ AIRTON CIRILO,BSB,FOR,6
FRANKLIN,BSB,BSB,2
WEVERTON ROCHA,THE,BSB,2
GABRIEL GUIMARÃES,CNF,BSB,9
CARLOS EDUARDO CADOCA,REC,BSB,16
JERÔNIMO GOERGEN,BSB,CNF,1
ANDRÉ AMARAL,REC,FOR,1
MAURO MARIANI,FLN,BSB,3
REMÍDIO MONAI,BSB,BSB,3
ALIEL MACHADO,CWB,BSB,10
ALEXANDRE LEITE,SDU,BSB,1
CARLOS GOMES,POA,GIG,1
FAUSTO PINATO,CGH,SJP,4
TIRIRICA,SDU,BSB,3
VALTENIR PEREIRA,GYN,CGB,1
REGINALDO LOPES,CNF,MOC,1
MISSIONÁRIO JOSÉ OLIMPIO,CGH,BSB,1
EVANDRO ROMAN,BSB,IGU,1
ROGÉRIO MARINHO,BSB,BSB,6
WLADIMIR COSTA,ATM,BEL,1
NILTON CAPIXABA,FOR,BSB,1
LUIZIANNE LINS,SDU,BSB,3
FÁBIO RAMALHO,SDU,CNF,1
ADELMO CARNEIRO LEÃO,BSB,CNF,8
EDUARDO DA FONTE,REC,BSB,19
CAETANO,BSB,CGH,1
EDUARDO CURY,BSB,GRU,11
LELO COIMBRA,BSB,VIX,12
CELSO MALDANER,BSB,FLN,1
RUBENS BUENO,MGF,BSB,1
ALEX CANZIANI,CWB,CGH,2
DELEGADO FRANCISCHINI,SDU,CWB,4
EVANDRO ROMAN,CWB,GIG,1
CELSO JACOB,BSB,BSB,2
VALMIR ASSUNÇÃO,BSB,CGH,1
JÔ MORAES,CNF,CGH,5
MARIA DO ROSÁRIO,BSB,CGH,3
ZÉ SILVA,BSB,GRU,1
MARCELO ÁLVARO ANTÔNIO,CGH,CNF,1
SANDRO ALEX,BSB,BSB,1
JOVAIR ARANTES,SDU,CGH,1
CLAUDIO CAJADO,GRU,SSA,1
RAIMUNDO GOMES DE MATOS,NAT,FOR,1
RAIMUNDO GOMES DE MATOS,BSB,FOR,12
JOSÉ ROCHA,BSB,BSB,4
CÉSAR MESSIAS,GIG,BSB,2
MARCUS VICENTE,VIX,CNF,3
BETO SALAME,BEL,STM,1
JÚLIO CESAR,the,bsb,1
MAURO PEREIRA,CGH,POA,1
ANTÔNIO JÁCOME,BSB,BSB,1
VALTENIR PEREIRA,SMT,BSB,1
BILAC PINTO,CNF,BSB,14
JORGE SOLLA,SSA,VDC,1
JOSÉ ROCHA,BSB,BRA,1
ADALBERTO CAVALCANTI,REC,PNZ,3
AUREO,SDU,BSB,3
HERÁCLITO FORTES,REC,BSB,4
CLAUDIO CAJADO,GRU,BSB,1
CÉSAR HALUM,AUX,PMW,4
ALCEU MOREIRA,FLN,BSB,3
MARCOS MONTES,UDI,CGH,1
JOSÉ ROCHA,BSB,SSA,5
ROBERTO DE LUCENA,GRU,BSB,13
HILDO ROCHA,SLZ,IMP,1
CARLOS ANDRADE,BVB,MAO,1
CARLOS MARUN,CGR,GRU,1
AGUINALDO RIBEIRO,JPA,GRU,1
EDUARDO BOLSONARO,BSB-CPV,2
VALDIR COLATTO,XAP,FLN,7
MARCIO ALVINO,GRU,BSB,48
PATRUS ANANIAS,FOR,BSB,1
JANDIRA FEGHALI,BSB,CGH,5
CARLOS MARUN,BSB,BSB,4
CHRISTIANE DE SOUZA YARED,CWB,BSB,25
TADEU ALENCAR,VCP,SSA,1
ADÉRMIS MARINI,BSB,GRU,3
RONALDO BENEDET,BSB,CGH,1
WALTER IHOSHI,BSB,CGH,15
ROCHA,BSB,BSB,1
WALDENOR PEREIRA,CGH,VDC,1
GIVALDO CARIMBÃO,BSB,GRU,1
EVANDRO GUSSI,VCP,ARU,1
JOSÉ ROCHA,VDC,SSA,3
GUILHERME COELHO,PNZ,REC,4
BETO FARO,MAB,BEL,1
JOSÉ PRIANTE,BSB,BSB,5
ARLINDO CHINAGLIA,BSB,CGH,10
FERNANDO MONTEIRO,BSB,JDO,2
RÔMULO GOUVEIA,FOR,BSB,1
WEVERTON ROCHA,THE,SLZ,3
ANDRÉ FIGUEIREDO,JDO,FOR,1
SIMONE MORGADO,BEL,BSB,6
CELSO PANSERA,BSB,BSB,3
FLAVIANO MELO,SDU,BSB,6
VALMIR ASSUNÇÃO,BSB,CNF,1
MARIA DO ROSÁRIO,POA,CGH,2
EVANDRO GUSSI,BSB,PPB,2
ELIZIANE GAMA,SSA,BSB,1
VICTOR MENDES,BSB,JPA,1
WOLNEY QUEIROZ,PVH,BSB,1
DOMINGOS NETO,BSB,FOR,11
MARINHA RAUPP,BSB,JPR,2
REMÍDIO MONAI,BVB,BSB,5
JUNIOR MARRECA,SSA,BSB,1
JOSUÉ BENGTSON,BEL,BSB,5
WALDENOR PEREIRA,SSA,BSB,9
PAULO TEIXEIRA,SDU,CGH,1
CREUZA PEREIRA,PNZ,REC,1
LUIZ CARLOS HAULY,BSB,CGH,1
MÁRIO HERINGER,BSB,SDU,11
VALADARES FILHO,BSB,AJU,26
RUBENS BUENO,CWB,MVD,1
VINICIUS CARVALHO,CGH,BSB,12
NELSON PADOVANI,GYN,AUX,3
TEREZA CRISTINA,BSB,GRU,2
SUBTENENTE GONZAGA,CNF,FLN,1
VITOR LIPPI,BSB,VCP,7
MARCOS MONTES,UBA,CNF,2
OSMAR SERRAGLIO,LDB,BSB,1
CACÁ LEÃO,SSA,CGH,1
WILSON BESERRA,BSB,GIG,3
FAUSTO PINATO,CGH,BSB,5
EZEQUIEL FONSECA,BSB,OPS,1
LEONARDO QUINTÃO,BSB,CNF,4
WELITON PRADO,UDI,BSB,3
CARLOS MANATO,SSA,BSB,1
PAES LANDIM,THE,BSB,10
ROBERTO BALESTRA,GYN,CGH,2
CÉSAR HALUM,PMW,AUX,6
WILSON FILHO,BSB,FOR,4
REGINALDO LOPES,CGH,CNF,1
CARLOS GOMES,BSB,POA,3
BENITO GAMA,SSA,GIG,1
CABO SABINO,BSB,FOR,24
POMPEO DE MATTOS,POA-BSB,1
VINICIUS CARVALHO,GIG,CGH,1
JOÃO DANIEL,SSA,FOR,1
VALMIR ASSUNÇÃO,BSB,SSA,10
EDUARDO BARBOSA,CNF,BSB,9
JEAN WYLLYS,CGH,BSB,1
TONINHO WANDSCHEER,BSB,BSB,1
ANDRES SANCHEZ,BSB,BSB,7
ELIZIANE GAMA,CGH,SLZ,2
JÔ MORAES,CNF,BSB,35
JOSÉ MENTOR,PPB,VCP,1
CARLOS ZARATTINI,BSB,CGH,10
HUGO MOTTA,BSB,CGH,2
JULIO LOPES,SDU,BSB,26
ADAIL CARNEIRO,BSB,FOR,4
ENIO VERRI,CGH,BSB,1
WALNEY ROCHA,GIG,BSB,26
ELIZIANE GAMA,BSB,SLZ,8
ALICE PORTUGAL,SLZ,BSB,1
JEAN WYLLYS,GRU,MVD,1
PASTOR LUCIANO BRAGA,SSA,BSB,4
PAULO TEIXEIRA,BSB,VCP,2
HERCULANO PASSOS,BSB,GRU,1
GLAUBER BRAGA,SDU,BSB,14
JORGE TADEU MUDALEN,BSB,BSB,10
ALEX CANZIANI,LDB,GRU,1
ODORICO MONTEIRO,BSB,FOR,17
VALMIR ASSUNÇÃO,BSB,BSB,4
JOSE STÉDILE,BSB,POA,3
KAIO MANIÇOBA,JDO,BSB,1
CABO DACIOLO,VCP,GIG,1
ALESSANDRO MOLON,BSB,SDU,19
BETINHO GOMES,BSB,REC,14
NEWTON CARDOSO JR,BSB,BSB,2
JOSÉ OTÁVIO GERMANO,POA,BSB,3
ANDRE MOURA,BSB,CGH,1
ALICE PORTUGAL,VDC,SSA,1
CÉSAR MESSIAS,PVH,RBR,1
SANDRO ALEX,CWB,BSB,9
WALNEY ROCHA,BSB,BSB,7
MARCELO MATOS,BSB,GIG,17
GONZAGA PATRIOTA,SSA,BSB,1
ARTHUR OLIVEIRA MAIA,BSB,CGH,4
KAIO MANIÇOBA,REC,BSB,8
NELSON PADOVANI,CWB,BSB,10
ANTONIO BULHÕES,CGH,BSB,2
JEAN WYLLYS,BSB,BSB,1
JÚLIO CESAR,THE,BSB,9
FABIO GARCIA,CGB,BSB,3
JUSCELINO FILHO,SSA,SLZ,1
ADALBERTO CAVALCANTI,PNZ,SSA,1
FÁBIO MITIDIERI,AJU,BSB,19
OSMAR SERRAGLIO,BSB,NVT,1
MACEDO,BSB,MCZ,1
LUIZ NISHIMORI,CWB,BSB,9
ALUISIO MENDES,REC,BSB,1
NILSON LEITÃO,BSB,SMT,2
PAULÃO,MCZ,BSB,5
MARCON,BSB,CGH,1
RONALDO BENEDET,BSB,BSB,16
RODRIGO DE CASTRO,BSB,CNF,13
EFRAIM FILHO,BSB,GRU,1
RONALDO MARTINS,BSB,FOR,12
JAIME MARTINS,CNF,BSB,10
IVAN VALENTE,CNF,BSB,1
RONALDO BENEDET,CGH,BSB,2
ADALBERTO CAVALCANTI,PNZ,BSB,12
IRMÃO LAZARO,BSB,SSA,13
LEONARDO QUINTÃO,CNF,GIG,1
BETO ROSADO,BSB,FOR,1
NILTO TATTO,CGH,FOR,1
ENIO VERRI,BSB,BSB,3
MARCIO ALVINO,BSB,GRU,38
HERMES PARCIANELLO,IGU BSB,1
JOSÉ AIRTON CIRILO,BSB,JDO,1
BRUNNY,CNF,GVR,1
RICARDO IZAR,BSB,CGH,9
AFONSO FLORENCE,SSA,PNZ,2
JOSÉ GUIMARÃES,BSB,AJU,1
JONY MARCOS,AJU,CGH,1
GUILHERME COELHO,PNZ,VCP,1
AFONSO FLORENCE,SSA,POA,2
JONY MARCOS,AJU,CGR,2
RAFAEL MOTTA,BSB,BSB,2
ANTONIO BULHÕES,BSB,BSB,1
GIVALDO CARIMBÃO,GRU,BSB,1
JORGE TADEU MUDALEN,BSB,BVB,1
MARCELO ÁLVARO ANTÔNIO,CNF,BSB,15
LUIZ COUTO,BSB,REC,1
JOSÉ ROCHA,SSA,RJ,1
EROS BIONDINI,BSB,BSB,1
ELIZIANE GAMA,GIG,SLZ,1
JONY MARCOS,CGH,AJU,1
LUCIANA SANTOS,SLZ,REC,1
MAURO LOPES,BSB,SDU,3
GENECIAS NORONHA,BSB,FOR,2
DÂMINA PEREIRA,BSB,BSB,1
HERÁCLITO FORTES,BSB,REC,3
JOSÉ CARLOS ARAÚJO,CGH,BSB,3
SANDRO ALEX,BSB,PGZ,4
LEO DE BRITO,RBR,BSB,9
ALEX CANZIANI,BSB,VCP,1
FRANKLIN,CNF,IPN,1
CREUZA PEREIRA,BSB,JDO,9
JÉSSICA SALES,RAO,BSB,1
MARCO MAIA,BSB,PFB,4
SÉRGIO REIS,BSB,CGH,1
JONY MARCOS,BSB,AJU,14
WALTER IHOSHI,BSB,BSB,5
REGINALDO LOPES,BSB,CNF,10
DOMINGOS NETO,BSB,BSB,5
MARCELO SQUASSONI,BSB,CGH,13
WILSON BESERRA,SDU,BSB,4
RÔMULO GOUVEIA,JPA,BSB,12
VICENTE CANDIDO,BSB,BSB,2
ZÉ AUGUSTO NALIN,SDU,BSB,5
ROSINHA DA ADEFAL,BSB,MCZ,15
PAULO PEREIRA DA SILVA,BSB,GRU,7
SÉRGIO BRITO,BSB,BSB,1
ARTHUR LIRA,BSB,SDU,2
ADALBERTO CAVALCANTI,BSB,REC,1
HERÁCLITO FORTES,CGH,REC,3
NILTO TATTO,BSB,FOR,1
CARLOS MELLES,BSB,CGB,1
ELIZIANE GAMA,BSB,SDU,1
JÚLIA MARINHO,BEL,STM,1
MAJOR OLIMPIO,GRU,BSB,8
JOSÉ AIRTON CIRILO,THE,FOR,1
NELSON MARQUEZELLI,BSB,CGH,2
JOSÉ PRIANTE,BSB,BEL,9
RODRIGO MARTINS,BSB,THE,6
WALTER IHOSHI,CGH,BSB,12
BACELAR,SSA,BSB,7
AFONSO FLORENCE,SSA,GRU,1
FÉLIX MENDONÇA JÚNIOR,BSB,BSB,3
ARTHUR LIRA,GIG,SSA,1
IVAN VALENTE,BSB,BSB,17
LUIZ NISHIMORI,MGF,BSB,2
JÚLIA MARINHO,BEL,BSB,2
EVAIR VIEIRA DE MELO,BSB,VIX,11
REGINALDO LOPES,MOC,CNF,2
NIVALDO ALBUQUERQUE,MCZ,BSB,24
PEDRO FERNANDES,SLZ,BSB,8
ANTÔNIO JÁCOME,CAC,NAT,1
ANTONIO BRITO,BSB,CGH,1
HERÁCLITO FORTES,THE,BSB,2
ANDRÉ ABDON,BSB,MCP,4
VALTENIR PEREIRA,BSB,NAT,1
FÁBIO FARIA,BSB,GRU,2
JANETE CAPIBERIBE,BEL,BSB,1
NILSON LEITÃO,BSB,BSB,4
BENEDITA DA SILVA,CNF,SDU,1
FÉLIX MENDONÇA JÚNIOR,BSB,SSA,20
GORETE PEREIRA,FOR,BSB,24
SERGIO SOUZA,BSB,CGH,1
AUGUSTO COUTINHO,BSB,SDU,1
TENENTE LÚCIO,BSB,UDI,10
HUGO MOTTA,SDU,BSB,1
PEDRO CUNHA LIMA,BSB,BSB,3
FRANKLIN,BSB,VCP,2
ROBERTO BALESTRA,CGH,BSB,1
CAETANO,BPS,SSA,1
LUCIANO DUCCI,CWB,BSB,16
GIACOBO,IGU,BSB,4
JÔ MORAES,BSB,BSB,11
CABO SABINO,FOR,JDO,1
JOÃO MARCELO SOUZA,IMP,SLZ,1
JOSÉ CARLOS ARAÚJO,CGH,SSA,1
BONIFÁCIO DE ANDRADA,CNF,BSB,14
ADALBERTO CAVALCANTI,SSA,PNZ,1
LUIS TIBÉ,CGH,CNF,1
SERGIO VIDIGAL,BSB,VIX,14
ALIEL MACHADO,BSB,CWB,19
FERNANDO JORDÃO,BSB,BSB,1
ALESSANDRO MOLON,CGH,BSB,6
HÉLIO LEITE,GRU,BSB,1
VALMIR ASSUNÇÃO,CGH,SSA,1
PATRUS ANANIAS,IZA,BSB,1
CARLOS MELLES,BSB,CNF,3
GIACOBO,BSB,IGU,3
VALMIR ASSUNÇÃO,SSA,REC,1
PROFESSOR VICTÓRIO GALLI,CGB,BSB,9
NELSON PADOVANI,BSB,BSB,7
ZÉ GERALDO,BEL,ATM,6
JOÃO DERLY,POA,SDU,1
NELSON MARQUEZELLI,CGH,BSB,2
LUIZ FERNANDO FARIA,BSB,BSB,4
SÉRGIO BRITO,BSB,SSA,13
GILBERTO NASCIMENTO,BSB,CGH,6
JOSÉ AIRTON CIRILO,JDO,FOR,1
PAULO TEIXEIRA,VCP,BSB,1
LUCIO MOSQUINI,PVH,BSB,5
ELI CORRÊA FILHO,BSB,GRU,2
GLAUBER BRAGA,BSB,BSB,6
JORGE TADEU MUDALEN,BSB,CGH,4
ROBERTO GÓES,MCP,BEL,3
CARLOS MARUN,CGR,BSB,5
LUIZ SÉRGIO,CGH,SDU,4
MARCO MAIA,BSB,POA,6
DANILO FORTE,FOR,GIG,1
DAVIDSON MAGALHÃES,SSA,BPS,3
GUILHERME COELHO,BSB,PNZ,7
HILDO ROCHA,IMP,BSB,1
NELSON PELLEGRINO,GRU,SSA,1
ADILTON SACHETTI,CGH,BSB,4
BEBETO,GRU-SSA,1
LUIS TIBÉ,CNF,BSB,7
TEREZA CRISTINA,CGR,BSB,6
GIACOBO,GRU,CWB,1
IZAQUE SILVA,BSB,BSB,1
PAULO FREIRE,VCP,ARU,2
ORLANDO SILVA,CGH,SDU,1
JEAN WYLLYS,CGH,SDU,2
DELEY,BSB,GIG,7
JANDIRA FEGHALI,GIG,SSA,1
JÔ MORAES,CNF,SDU,1
RUBENS PEREIRA JÚNIOR,BEL,SLZ,1
JORGE TADEU MUDALEN,GIG,CGH,1
GOULART,CGH,BSB,13
ROSANGELA GOMES,SDU,CNF,1
BENITO GAMA,REC,SSA,1
HENRIQUE FONTANA,CGH,FLN,1
EDUARDO CURY,GRU,BSB,11
ALESSANDRO MOLON,BSB,BSB,10
JÉSSICA SALES,RBR,BSB,1
GOULART,BSB,BSB,3
ALESSANDRO MOLON,GIG,BSB,3
JHC,PMW,CGH,1
JAIR BOLSONARO,JPA,BSB,1
BETO FARO,BSB,IMP,2
SÉRGIO BRITO,IOS,BSB,1
JÔ MORAES,CGH,BSB,5
WALNEY ROCHA,BSB,SDU,8
ALBERTO FRAGA,SDU,BSB,1
ONYX LORENZONI,BSB,POA,5
JEFFERSON CAMPOS,BSB,BSB,9
JULIO LOPES,BSB,BSB,24
CARMEN ZANOTTO,LAJ,BSB,1
JÚLIO DELGADO,GRU,CNF,1
AUGUSTO COUTINHO,BSB,REC,19
BEBETO,SSA,IOS,2
MÁRCIO MARINHO,SSA,MCZ,1
PAULO HENRIQUE LUSTOSA,FOR,REC,1
ARIOSTO HOLANDA,BSB,FOR,8
ANTONIO BRITO,BSB,BSB,2
ALEX CANZIANI,VCP,BSB,1
JÔ MORAES,BSB,CNF,25
VALTENIR PEREIRA,MCZ,BSB,1
ODORICO MONTEIRO,JDO,BSB,1
PAULO ABI-ACKEL,SSA,CNF,1
FLAVINHO,CGH,BSB,1
EDUARDO BARBOSA,BSB,CNF,8
GUILHERME COELHO,SSA,BSB,1
DIEGO GARCIA,BSB,BSB,3
ANDRES SANCHEZ,BSB,CGH,2
ROBERTO ALVES,VCP,BSB,4
SILVIO COSTA,GRU,REC,1
LEANDRE,BSB,CWB,18
MAURO PEREIRA,CXJ,BSB,6
ANTONIO BULHÕES,BSB,CGH,1
PADRE JOÃO,CNF,BSB,10
DÉCIO LIMA,XAP,FLN,1
DANIEL VILELA,BSB,GYN,3
LEONARDO QUINTÃO,BSB,BSB,7
ABEL MESQUITA JR.,BVB,BSB,14
AELTON FREITAS,UBA,CNF,3
JEAN WYLLYS,BSB,CGH,1
MARCUS VICENTE,CNF,BSB,5
DELEGADO EDSON MOREIRA,BSB,GRU,1
NELSON PADOVANI,CWB,CAC,2
SILVIO COSTA,PNZ,REC,1
ASSIS MELO,BSB,CXJ,1
IRAJÁ ABREU,PMW,CGH,1
TIA ERON,GRU,SSA,1
ANTONIO BRITO,BSB,SSA,25
JANDIRA FEGHALI,BSB,BSB,16
LEONARDO MONTEIRO,CNF,IPN,6
ARTHUR VIRGÍLIO BISNETO,BSB,SDU,1
WILSON FILHO,SSA,FOR,2
DÂMINA PEREIRA,BSB,SDU,1
AFONSO HAMM,POA,PET,1
FLAVINHO,BSB,BSB,6
PROFESSORA MARCIVANIA,BSB,CGH,3
MAURO LOPES,BSB,BSB,1
CAPITÃO AUGUSTO,JTC,BSB,6
CARLOS ZARATTINI,CGH,BSB,9
WELITON PRADO,IPN,CNF,1
SÁGUAS MORAES,GRU,CGB,4
BETO FARO,BEL,BSB,8
GIVALDO VIEIRA,BSB,VIX,30
ANDRÉ AMARAL,FOR,REC,1
SÉRGIO BRITO,CGH,BSB,4
JORGE CÔRTE REAL,REC,GRU,2
ELIZIANE GAMA,BSB,BSB,8
CARLOS HENRIQUE GAGUIM,SDU,BSB,3
ANDRÉ DE PAULA,REC,GRU,2
CREUZA PEREIRA,BSB,REC,5
ONYX LORENZONI,POA,VCP,1
FLAVIANO MELO,CZS,RBR,7
GEORGE HILTON,BSB,CNF,5
ARTHUR LIRA,BSB,BSB,17
HÉLIO LEITE,GRU,BEL,1
ADILTON SACHETTI,cghxbsb,1
THIAGO PEIXOTO,BSB,BSB,1
MANDETTA,BSB,NAT,1
ALEXANDRE LEITE,BSB,CGH,10
LAERCIO OLIVEIRA,BSB,SSA,1
IVAN VALENTE,BSB,CGH,25
RODRIGO DE CASTRO,CNF,BSB,6
LUCIANO DUCCI,BSB,GRU,1
GUILHERME COELHO,BSB,GRU,1
PR. MARCO FELICIANO,BSB,RAO,5
TENENTE LÚCIO,BSB,CNF,1
EVANDRO GUSSI,VCP,BSB,2
GEORGE HILTON,MOC,CNF,1
JÔ MORAES,SDU,CNF,4
NEWTON CARDOSO JR,BSB,CNF,6
ZÉ GERALDO,MAB,BEL,1
CARLOS MARUN,AJU,CGR,1
ANDRÉ FUFUCA,SLZ,REC,2
ROBERTO DE LUCENA,BSB,CGH,4
TADEU ALENCAR,BSB,CGH,1
HIRAN GONÇALVES,MAO,BVB,1
JORGE SOLLA,BPS,BSB,1
WEVERTON ROCHA,BSB,REC,1
ALICE PORTUGAL,SSA,VDC,1
PAULO MAGALHÃES,SSA,BSB,9
MARCELO SQUASSONI,CGH,BSB,8
ROGÉRIO MARINHO,NAT,GRU,1
ZÉ AUGUSTO NALIN,BSB,GIG,15
JUSCELINO FILHO,BSB,BSB,5
BENJAMIN MARANHÃO,REC,BSB,2
LUIS TIBÉ,BSB,CGH,1
ARTHUR LIRA,BSB,SSA,2
ALEXANDRE LEITE,CGH,BSB,10
ALFREDO KAEFER,BSB,BSB,1
ARLINDO CHINAGLIA,BSB,FOR,1
ALCEU MOREIRA,BSB,FLN,1
NELSON PELLEGRINO,SSA,GRU,1
JANDIRA FEGHALI,GIG,SLZ,1
EDUARDO DA FONTE,CWB,REC,1
LAERCIO OLIVEIRA,BSB,BSB,15
ASSIS CARVALHO,THE,BSB,1
CÉSAR MESSIAS,RBR,BSB,11
CAIO NARCIO,CNF,CGH,1
JOSÉ ROCHA,SSA,BSB,4
JORGE BOEIRA,POA,VCP,1
MARCELO SQUASSONI,CGH,SSA,1
DILCEU SPERAFICO,CAC,CWB,1
TADEU ALENCAR,REC\BSB,1
TIRIRICA,GRU,FOR,1
ÁTILA LINS,BSB,MAO,1
LUCIO MOSQUINI,BSB,BSB,2
MÁRCIO MARINHO,MCZ,BSB,1
SUBTENENTE GONZAGA,CNF,VIX,1
JÔ MORAES,BSB,CGH,3
ALBERTO FRAGA,BSB,SDU,1
ELMAR NASCIMENTO,BSB,BSB,11
MARCOS ABRÃO,CGH,GYN,2
JOSÉ ROCHA,SSA,BRA,1
LEOPOLDO MEYER,PMW,BSB,1
DIEGO GARCIA,CWB,BSB,1
DÂMINA PEREIRA,SDU,BSB,1
EVANDRO GUSSI,BSB,MII,1
NILSON PINTO,STM,BEL,1
FRANCISCO CHAPADINHA,BSB,BEL,2
ASSIS DO COUTO,BSB,BSB,4
DARCÍSIO PERONDI,BSB,BSB,4
LUIZ NISHIMORI,MGF,CGH,1
MAURO MARIANI,BSB,XAP,1
EROS BIONDINI,CGH,CNF,1
LUIS TIBÉ,BSB,CNF,9
RONALDO BENEDET,CGH,JJG,1
JOÃO FERNANDO COUTINHO,REC,JDO,2
JOÃO ARRUDA,CWB,LDB,1
JOÃO MARCELO SOUZA,BSB,IMP,1
ARTHUR OLIVEIRA MAIA,BSB,BSB,2
MARCELO DELAROLI,BSB,BSB,1
JORGE TADEU MUDALEN,CGH,BSB,3
DAVIDSON MAGALHÃES,SSA,BSB,13
ROBERTO BRITTO,BSB,SSA,11
ELMAR NASCIMENTO,BSB,SSA,12
PEPE VARGAS,CGH,BSB,1
ASSIS MELO,SDU,POA,1
PATRUS ANANIAS,RBR,BSB,1
EDUARDO BOLSONARO,CGH-FLN,1
ARTHUR OLIVEIRA MAIA,BSB,BRA,2
JOÃO DERLY,POA,BSB,13
MARCO MAIA,CGH,POA,2
GIVALDO VIEIRA,VIX,BSB,24
DILCEU SPERAFICO,CGH,IGU,1
IVAN VALENTE,CGH,BSB,12
ELIZIANE GAMA,GIG,BSB,1
PROFESSORA DORINHA SEABRA REZENDE,PMW,BSB,20
JOSUÉ BENGTSON,BSB,MAB,1
MARINALDO ROSENDO,BSB,CGH,6
HENRIQUE FONTANA,BSB,FLN,1
ALESSANDRO MOLON,CGH,SDU,3
JOVAIR ARANTES,BSB,FOR,1
ARTHUR OLIVEIRA MAIA,BSB,SSA,7
LAURA CARNEIRO,SDU,BSB,1
ANDRES SANCHEZ,CGH,BSB,1
GABRIEL GUIMARÃES,BSB,BSB,2
CARLOS MELLES,CNF,CGH,1
ROBERTO BRITTO,BSB,BSB,5
EDUARDO BOLSONARO,SDU-CGH,1
ENIO VERRI,BSB,CWB,3
BENITO GAMA,SSA,VDC,1
HENRIQUE FONTANA,BSB,POA,15
ORLANDO SILVA,CGH,BSB,10
JOSÉ GUIMARÃES,CGH,BSB,1
SÉRGIO MORAES,BSB,BSB,14
SERGIO ZVEITER,BSB,BSB,10
MOSES RODRIGUES,BSB,FOR,16
FELIPE BORNIER,BSB,BSB,24
ESPERIDIÃO AMIN,BSB,FLN,24
PATRUS ANANIAS,BSB,RBR,1
GIVALDO CARIMBÃO,BSB,AJU,1
ORLANDO SILVA,BSB,BSB,2
JÚLIA MARINHO,BSB,BEL,2
MIGUEL LOMBARDI,BSB,VCP,14
DAVIDSON MAGALHÃES,SSA,IOS,2
FÁBIO FARIA,NAT,BSB,8
WELITON PRADO,BSB,CNF,7
BETO ROSADO,BSB,NAT,8
JONY MARCOS,BSB,BSB,2
ANÍBAL GOMES,BSB,BSB,5
CONCEIÇÃO SAMPAIO,BSB,BSB,2
REGINALDO LOPES,BSB,BSB,2
JOSÉ NUNES,BSB,SSA,27
JORGE TADEU MUDALEN,RAO,CGH,1
CARLOS MARUN,CGR,SDU,1
NILSON LEITÃO,BSB,CGH,1
JAIR BOLSONARO,CGH,BSB,2
NILSON LEITÃO,BSB,CGB,7
ZECA DIRCEU,MGF,BSB,1
JULIÃO AMIN,SLZ,BSB,5
MARIA HELENA,BSB,GRU,1
JOSÉ GUIMARÃES,BSB,BSB,8
CHICO ALENCAR,REC,BSB,1
JORGINHO MELLO,BSB,BSB,2
LEANDRE,BSB,CAC,1
LEO DE BRITO,BSB,RBR,17
RENZO BRAZ,SDU,BSB,1
JAIR BOLSONARO,BSB,BSB,1
POLLYANA GAMA,CGH,BSB,1
DILCEU SPERAFICO,IGU,CGH,1
TONINHO WANDSCHEER,BSB,CWB,16
YEDA CRUSIUS,BSB,CGH,3
CELSO JACOB,SDU,BSB,7
FLAVINHO,BSB,CGH,4
MARGARIDA SALOMÃO,BSB,CNF,2
VANDERLEI MACRIS,BSB,BSB,2
HUGO MOTTA,BSB,SDU,1
JOÃO ARRUDA,LDB,CWB,2
PEDRO UCZAI,FLN,XAP,2
JOSÉ REINALDO,SLZ,BSB,9
CAETANO,SSA,BPS,1
CLAUDIO CAJADO,SSA,GRU,3
JORGE CÔRTE REAL,BSB,REC,10
ORLANDO SILVA,CGH,SSA,1
JUSCELINO FILHO,BSB,SLZ,8
IRAJÁ ABREU,BSB,PMW,5
AGUINALDO RIBEIRO,BSB,CGH,3
DILCEU SPERAFICO,BSB,IGU,7
RÔMULO GOUVEIA,CWB,BSB,1
SÉRGIO BRITO,SSA,BSB,4
IRAJÁ ABREU,PMW,BSB,1
ULDURICO JUNIOR,BRA,BSB,1
VALMIR ASSUNÇÃO,SSA,BPS,4
CAJAR NARDES,BSB,PFB,1
JOÃO DERLY,BSB,BSB,7
MARINALDO ROSENDO,BSB,SSA,2
EDUARDO BOLSONARO,CGH,BSB,1
DIEGO GARCIA,BSB,JTC,2
EXPEDITO NETTO,BSB,BSB,12
ADEMIR CAMILO,BSB,CNF,12
NELSON PELLEGRINO,SSA,PNZ,1
VALDIR COLATTO,VCP,XAP,1
MARCELO DELAROLI,GIG,BSB,1
AFONSO HAMM,BSB,POA,16
HERÁCLITO FORTES,BSB,BSB,1
TAKAYAMA,BSB,CWB,6
LUIZ CLÁUDIO,BSB,JPR,1
JANDIRA FEGHALI,BSB,SDU,19
LUIZ COUTO,JPA,BSB,26
TIA ERON,SSA,CNF,3
JOSÉ GUIMARÃES,FOR,GRU,2
MARCOS MONTES,BSB,UDI,3
WOLNEY QUEIROZ,REC,BSB,19
JOÃO RODRIGUES,XAP,FLN,8
EROS BIONDINI,VAG,CNF,1
KAIO MANIÇOBA,BSB,BSB,2
LÁZARO BOTELHO,BSB,PMW,16
BOHN GASS,BSB,BSB,1
ONYX LORENZONI,CGH,FLN,1
ULDURICO JUNIOR,BRA,SSA,1
GABRIEL GUIMARÃES,MOC,CNF,3
MISSIONÁRIO JOSÉ OLIMPIO,BSB,VCP,7
BETO MANSUR,BSB,CGH,10
CARLOS SAMPAIO,PMW,VCP,1
GONZAGA PATRIOTA,REC,PNZ,2
IRAJÁ ABREU,BSB,GYN,1
SHÉRIDAN,BVB,BSB,8
JHC,PMW,BSB,1
ZECA DIRCEU,CAC,BSB,1
ELIZIANE GAMA,BSB,CGH,1
CRISTIANE BRASIL,SDU,BSB,22
JAIR BOLSONARO,GIG,BSB,3
MARCOS SOARES,BSB,SDU,2
JOVAIR ARANTES,BSB,GYN,1
WEVERTON ROCHA,BSB,BSB,4
MARINALDO ROSENDO,CGH,SSA,2
DAVIDSON MAGALHÃES,IOS,SSA,3
EROS BIONDINI,IPN,CNF,1
MARCON,BSB,BSB,4
DÉCIO LIMA,BSB,CGH,3
ROSANGELA GOMES,SDU,BSB,2
MÁRCIO MARINHO,SSA,BSB,16
SÓSTENES CAVALCANTE,SDU,BSB,13
ARTHUR LIRA,SSA,MCZ,1
ROBERTO DE LUCENA,CGH,BSB,4
GENECIAS NORONHA,FOR,JDO,1
NORMA AYUB,BSB,BSB,3
ARTHUR LIRA,MCZ,SSA,1
ROBERTO DE LUCENA,BSB,BSB,14
JOÃO MARCELO SOUZA,BSB,SLZ,2
LUIZ NISHIMORI,CWB,CGH,1
REGINALDO LOPES,UBA,CNF,1
DAVIDSON MAGALHÃES,IOS,BSB,1
RICARDO TRIPOLI,CGH,BSB,13
ALUISIO MENDES,SDU,BSB,1
DÉCIO LIMA,FLN,BSB,7
EVANDRO ROMAN,IGU,BSB,1
MARINALDO ROSENDO,BSB,BSB,21
HUGO MOTTA,CGH,JPA,2
NEWTON CARDOSO JR,BWI,NYP,1
PAULO FREIRE,BSB,CGH,3
NELSON PELLEGRINO,PNZ,SSA,1
PROFESSOR VICTÓRIO GALLI,CGB,ROO,1
ADEMIR CAMILO,MOC,CNF,2
RONALDO BENEDET,GIG,JJG,1
PAULO TEIXEIRA,BSB,CWB,1
ANTONIO IMBASSAHY,SSA-BSB,1
FÁBIO MITIDIERI,BSB,AJU,21
MISSIONÁRIO JOSÉ OLIMPIO,VCP,BSB,10
JOSÉ AIRTON CIRILO,FOR,CGH,1
CARLOS EDUARDO CADOCA,BSB,BSB,6
GUILHERME MUSSI,BSB,CGH,29
WEVERTON ROCHA,CGH,BSB,1
CAJAR NARDES,BSB,POA,5
GONZAGA PATRIOTA,BSB,BSB,1
ZÉ GERALDO,BEL,STM,2
JOAQUIM PASSARINHO,BEL,GRU,1
VALTENIR PEREIRA,CGB,GRU,1
ZÉ GERALDO,BEL,BSB,8
BILAC PINTO,BSB,BSB,10
CABO DACIOLO,GIG,BSB,12
BRUNNY,BSB,CGH,2
MANDETTA,GYN,CGR,1
ZENAIDE MAIA,BSB,NAT,18
JOÃO FERNANDO COUTINHO,BSB,BSB,4
ARTHUR LIRA,MCZ,BSB,27
AUREO,BSB,GIG,17
VICENTE ARRUDA,FOR,BSB,6
DR. JORGE SILVA,BSB,VIX,14
ÁTILA LINS,MAO,BSB,2
PEPE VARGAS,FLN,BSB,1
DELEGADO ÉDER MAURO,BSB,BEL,9
HUGO MOTTA,BSB,BSB,3
DELEGADO FRANCISCHINI,BSB,CWB,6
BRUNNY,BSB,CNF,2
EDMAR ARRUDA,BSB,BSB,2
JEAN WYLLYS,MVD,POA,1
LUIZ NISHIMORI,MGF,CWB,10
LEONARDO MONTEIRO,CNF,GVR,4
JOAQUIM PASSARINHO,STM,BEL,2
LINCOLN PORTELA,CNF,MOC,1
HÉLIO LEITE,BEL-CGH,1
EROS BIONDINI,BSB,CNF,17
LUCIANA SANTOS,REC,BSB,8
RONALDO BENEDET,BSB,JJG,9
ALEXANDRE SERFIOTIS,SDU,BSB,4
RICARDO IZAR,CGH,BSB,8
JÚLIA MARINHO,BSB,BSB,2
EDMAR ARRUDA,BSB,SSA,1
JOSÉ NUNES,BSB,BSB,4
KEIKO OTA,BSB,BSB,12
PEPE VARGAS,POA,CGH,1
ALEX CANZIANI,GRU,FOR,1
CÉSAR MESSIAS,BSB,RBR,9
CELSO MALDANER,FLN,XAP,6
FELIPE BORNIER,GIG,BSB,11
PEDRO VILELA,MCZ,GRU,1
ALEXANDRE LEITE,BSB,BSB,5
JOÃO MARCELO SOUZA,BSB,BSB,1
MAJOR OLIMPIO,BSB,GRU,5
ALIEL MACHADO,BSB,BSB,5
JOSÉ CARLOS ALELUIA,SSA,GIG,1
WALDIR MARANHÃO,SLZ,BSB,24
RÔMULO GOUVEIA,BSB,REC,1
ALFREDO KAEFER,CWB,BSB,1
JORGE SOLLA,SSA,BSB,6
RENATA ABREU,BSB,CGH,14
ASSIS MELO,POA,BSB,2
MARCIO ALVINO,SJP,BSB,1
LUIZIANNE LINS,FOR,BSB,8
CELSO MALDANER,XAP,BSB,11
MARCELO DELAROLI,BSB,SDU,16
PAULO TEIXEIRA,CGH,SDU,1
BETO MANSUR,BSB,BSB,6
FELIPE BORNIER,BSB,SDU,13
NELSON MEURER,BSB,CWB,22
JOÃO CARLOS BACELAR,SSA,GRU,1
CARLOS MELLES,CNF,BSB,2
TENENTE LÚCIO,BSB,BSB,2
DILCEU SPERAFICO,IGU,BSB,5
LEONARDO MONTEIRO,IPN,CNF,6
ONYX LORENZONI,POA,FLN,2
RONALDO MARTINS,FOR,BSB,15
JORGE BOEIRA,BSB,XAP,1
ALEX CANZIANI,CGH,BSB,1
DANILO CABRAL,REC,BSB,14
TIA ERON,BEL,SSA,1
LUCIO MOSQUINI,BSB,CGB,2
ANA PERUGINI,BSB,PPB,1
JORGINHO MELLO,FLN,BSB,7
TIRIRICA,BSB,CGH,4
TIRIRICA,FOR,GIG,1
JEAN WYLLYS,SDU,BSB,7
MACEDO,FOR,BSB,24
ALEX MANENTE,BSB,SDU,1
RENATA ABREU,CGH,BSB,13
HERMES PARCIANELLO,BSB,LDB,1
CARLOS ANDRADE,BVB,BSB,6
MÁRCIO MARINHO,SSA,CNF,1
VITOR VALIM,BSB,BSB,6
HILDO ROCHA,BSB,SLZ,5
DELEGADO FRANCISCHINI,CWB,MGF,2
ARTHUR OLIVEIRA MAIA,SSA,BSB,10
ROBERTO ALVES,BSB,VCP,6
EDINHO BEZ,BSB,FLN,5
SHÉRIDAN,MAO,BVB,1
JONY MARCOS,BSB,CGR,3
ORLANDO SILVA,BSB,CGH,4
DR. SINVAL MALHEIROS,BSB,GRU,2
FRANKLIN,BSB,MOC,2
LEONARDO MONTEIRO,BSB,BSB,1
JÚLIA MARINHO,BEL,MAB,1
RENATO MOLLING,POA,BSB,22
SIMÃO SESSIM,BSB,BSB,5
TONINHO WANDSCHEER,SDU,BSB,1
ARTHUR VIRGÍLIO BISNETO,MAO,GRU,1
RENATA ABREU,BSB,BSB,4
JOÃO DANIEL,AJU,BSB,21
NILSON LEITÃO,VCP,BSB,1
SÉRGIO MORAES,POA,BSB,4
ANDRES SANCHEZ,MGF,VCP,1
JOÃO DANIEL,AJU,SSA,1
CHICO LOPES,BSB,FOR,15
ELI CORRÊA FILHO,GRU,BSB,4
ENIO VERRI,BSB,CGH,1
NEWTON CARDOSO JR,BSB,SDU,1
POMPEO DE MATTOS,CGR,BSB,1
SÉRGIO MORAES,BSB,CGH,2
VICENTE ARRUDA,BSB,FOR,6
ALBERTO FRAGA,AJU,BSB,1
CARLOS ZARATTINI,VCP,BSB,1
BILAC PINTO,BSB,CNF,12
DANIEL ALMEIDA,VDC,SSA,3
JÔ MORAES,CGH,CNF,3
ROBERTO BRITTO,SSA,BSB,7
JOÃO PAULO KLEINÜBING,BSB,FLN,14
WELITON PRADO,BSB,UDI,2
MARCO TEBALDI,BSB,FLN,1
REMÍDIO MONAI,BVB,MAO,1
MARCO MAIA,SSA,BSB,1
ADALBERTO CAVALCANTI,BSB,PNZ,13
MOSES RODRIGUES,FOR,BSB,14
LUCIO MOSQUINI,CGB,OAL,1
DIEGO ANDRADE,BSB,BSB,30
MARCELO ÁLVARO ANTÔNIO,CNF,CGH,2
NILSON LEITÃO,CGB,OPS,4
JÉSSICA SALES,BSB,CGH,1
SÉRGIO MORAES,FLN,BSB,1
DOMINGOS SÁVIO,CNF,BSB,11
ASSIS MELO,BSB,BSB,2
RICARDO IZAR,BSB,BSB,1
CAIO NARCIO,CNF,UBA,2
JHC,JFK,GIG,1
GIVALDO CARIMBÃO,BSB,IOS,1
ANDRÉ FUFUCA,SLZ,BSB,10
CABUÇU BORGES,BSB,MCP,2
CLEBER VERDE,SLZ,BSB,2
EFRAIM FILHO,FOR,BSB,1
EROS BIONDINI,MCZ,BSB,2
FELIPE MAIA,NAT,BSB,3
JULIÃO AMIN,SLZ,CGH,1
SABINO CASTELO BRANCO,MAO,BSB,5
HILDO ROCHA,BSB,BSB,1
EDUARDO CURY,BCN,MAD,1
MAJOR OLIMPIO,CGH,PPB,1
VANDERLEI MACRIS,BSB,CGH,26
BRUNNY,BSB,BSB,7
POMPEO DE MATTOS,POA,NVT,1
ARTHUR OLIVEIRA MAIA,SSA,BRA,1
MANDETTA,CGR,BSB,8
TADEU ALENCAR,BSB,BSB,4
EFRAIM FILHO,GRU,REC,1
HERÁCLITO FORTES,BSB,THE,3
PAULO FEIJÓ,CAW,SDU,2
HUGO LEAL,BSB,SDU,11
GENECIAS NORONHA,JDO,BSB,1
SIMÃO SESSIM,GIG,BSB,1
LEANDRE,BSB,BSB,3
ELIZEU DIONIZIO,BSB-CGR,8
GERALDO RESENDE,CGH,CGR,1
JÉSSICA SALES,RBR,CZS,1
PAULO TEIXEIRA,CGH,SLZ,1
RODRIGO MARTINS,BSB,BSB,4
ALEX CANZIANI,BSB,LDB,2
TENENTE LÚCIO,UBA,CNF,1
SORAYA SANTOS,BSB,GIG,1
GENECIAS NORONHA,SSA,FOR,1
COVATTI FILHO,BSB,POA,6
GUILHERME COELHO,SSA,REC,1
PAULO ABI-ACKEL,BSB,CNF,10
MARGARIDA SALOMÃO,BSB,BSB,6
ENIO VERRI,CWB,VCP,1
RICARDO TRIPOLI,BSB,BSB,11
MÁRIO HERINGER,GVR,SDU,1
HENRIQUE FONTANA,BSB,PFB,1
LUIZIANNE LINS,BSB,FOR,8
DIEGO GARCIA,CWB,LDB,1
MAJOR OLIMPIO,PPB,CGH,1
FRANCISCO FLORIANO,BSB,SDU,31
ROBERTO BRITTO,BSB,AJU,2
BETO FARO,BSB,BEL,5
JOÃO CARLOS BACELAR,SSA,GIG,2
GABRIEL GUIMARÃES,BSB,CNF,13
CARLOS BEZERRA,CGR,BSB,1
MARCUS PESTANA,BSB,GIG,1
PAULO TEIXEIRA,BSB,CGH,10
GABRIEL GUIMARÃES,CGH,CNF,3
JÚLIO DELGADO,CNF,GRU,1
RENZO BRAZ,BSB,CNF,3
MARGARIDA SALOMÃO,GIG,BSB,11
PR. MARCO FELICIANO,GRU,BSB,3
RAIMUNDO GOMES DE MATOS,JDO,FOR,1
BENJAMIN MARANHÃO,JPA,GIG,1
DOMINGOS SÁVIO,SDU,CNF,1
GERALDO RESENDE,BSB,CGH,1
PAULO MARTINS,BSB,BSB,2
JONY MARCOS,AJU,BSB,13
GERALDO RESENDE,BSB,CGR,13
ROBINSON ALMEIDA,SSA,BSB,3
VALMIR ASSUNÇÃO,SSA,BSB,7
HERÁCLITO FORTES,CGH,BSB,5
VICENTE CANDIDO,CGH,BSB,5
MARCON,POA,BSB,2
DELEGADO FRANCISCHINI,FLN,BSB,1
DANIEL COELHO,BSB,BSB,13
SERGIO SOUZA,BSB,CWB,14
BOHN GASS,POA,BSB,8
VENEZIANO VITAL DO RÊGO,JPA,BSB,17
ANDRÉ FIGUEIREDO,BSB,BSB,9
HERMES PARCIANELLO,IGUBSB,2
ASSIS DO COUTO,BSB,CWB,2
ANTÔNIO JÁCOME,GRU,CAC,1
LUIZ CLÁUDIO,BSB,BSB,4
ARTHUR VIRGÍLIO BISNETO,MAO,GIG,1
ALEXANDRE BALDY,BSB,CGH,1
ALBERTO FILHO,SLZ,BSB,8
VICENTE CANDIDO,BSB,CGH,7
ALFREDO KAEFER,CWB,CAC,1
ANDRE MOURA,BSB,AJU,35
PAULO MAGALHÃES,BSB,SSA,11
REINHOLD STEPHANES,BSB,SDU,1
GUILHERME COELHO,GRU,BSB,1
VANDERLEI MACRIS,CGH,BSB,13
GIACOBO,IGU,CGH,1
RAQUEL MUNIZ,CNF,MOC,5
PAULO MAGALHÃES,BSB,BSB,3
CABO DACIOLO,BSB,SDU,1
CAETANO,SSA,BSB,15
ARTHUR LIRA,MCZ,CGH,1
CHICO LOPES,FOR,BSB,16
FÁBIO MITIDIERI,BSB,SDU,1
MIGUEL LOMBARDI,VCP,BSB,16
CARLOS SAMPAIO,SSA,BSB,2
LUIZ NISHIMORI,LDB,CWB,1
WELITON PRADO,CNF,IPN,1
DELEGADO EDSON MOREIRA,GRU,BSB,1
SIMÃO SESSIM,BSB,SDU,10
MACEDO,BSB,FOR,14
DAGOBERTO NOGUEIRA,CGR,BSB,12
DÂMINA PEREIRA,BSB,CNF,7
ZECA DO PT,CGR,BSB,20
MARGARIDA SALOMÃO,CGH,SDU,2
CARLOS MELLES,BSB,VCP,1
DEJORGE PATRÍCIO,BSB,GIG,1
EDUARDO DA FONTE,GRU,REC,1
AUGUSTO COUTINHO,BSB,BSB,4
CARLOS SAMPAIO,FOR,NAT,1
SARAIVA FELIPE,CNF,MOC,1
NIVALDO ALBUQUERQUE,BSB,MCZ,29
HUGO MOTTA,CGH,BSB,2
PAULO TEIXEIRA,CGH,BSB,10
WEVERTON ROCHA,BSB,SLZ,11
JÉSSICA SALES,CGH,BSB,1
BEBETO,SSA-BSB,5
TIA ERON,SSA,BSB,13
PROFESSORA MARCIVANIA,BSB,MCP,5
PEDRO CUNHA LIMA,BSB,JPA,12
IRMÃO LAZARO,SSA,BSB,13
JOÃO ARRUDA,CWB,BSB,14
GENECIAS NORONHA,BEL,FOR,1
DÉCIO LIMA,GRU,FLN,2
DELEGADO ÉDER MAURO,BSB,BSB,2